ano,nome,razao_pop_rural_urbana,razao_energia_renov_nao_renov
2000,Afghanistan,3.53,1.82
2000,Albania,1.40,25.28
2000,Algeria,0.67,0.06
2000,Angola,1.00,1.72
2000,Argentina,0.12,0.02
2000,Armenia,0.55,0.68
2000,Australia,0.19,0.02
2000,Austria,0.66,0.03
2000,Azerbaijan,0.95,0.41
2000,Bangladesh,3.24,0.92
2000,Belarus,0.43,0.02
2000,Belgium,0.03,0.10
2000,Belize,1.20,2.25
2000,Bermuda,0.00,0.02
2000,Bolivia,0.62,1.67
2000,Bosnia Herzegovina,1.36,101.80
2000,Brazil,0.23,1.93
2000,Bulgaria,0.45,2.83
2000,Burkina Faso,4.60,0.34
2000,Cabo Verde,0.87,0.07
2000,Cambodia,4.38,0.18
2000,Cameroon,1.20,85.25
2000,Canada,0.26,0.02
2000,Central African Republic (the),1.66,4.00
2000,Chile,0.16,0.55
2000,China,1.79,0.10
2000,Colombia,0.35,0.05
2000,Costa Rica,0.69,0.33
2000,Cote d'Ivoire,1.32,175.00
2000,Croatia,0.87,4.16
2000,Cuba,0.33,0.07
2000,Czechia,0.35,0.31
2000,Denmark,0.18,0.01
2000,Dominica,0.53,0.60
2000,Dominican Republic (the),0.62,0.01
2000,Ecuador,0.66,2.51
2000,Egypt,1.34,0.84
2000,El Salvador,0.70,0.24
2000,Equatorial Guinea,1.04,1.00
2000,Estonia,0.44,0.02
2000,Eswatini,3.41,19.00
2000,Ethiopia,5.78,2.00
2000,Faroe Islands (the),1.75,0.57
2000,Fiji,1.09,0.62
2000,Finland,0.22,0.01
2000,France,0.32,0.05
2000,French Polynesia,0.78,0.41
2000,Gabon,0.27,0.04
2000,Georgia,0.90,27.62
2000,Germany,0.33,0.24
2000,Ghana,1.28,0.02
2000,Greece,0.38,0.08
2000,Greenland,0.23,1.42
2000,Guatemala,1.21,0.37
2000,Guinea,2.24,1.03
2000,Guyana,2.49,0.01
2000,Haiti,1.81,1.08
2000,Honduras,1.20,0.01
2000,Hungary,0.55,0.01
2000,India,2.61,0.10
2000,Indonesia,1.38,0.34
2000,Iran (Islamic Republic of),0.56,0.08
2000,Iraq,0.46,0.10
2000,Ireland,0.69,0.01
2000,Israel,0.10,3.00
2000,Italy,0.49,0.02
2000,Jamaica,0.93,0.02
2000,Japan,0.27,0.09
2000,Jordan,0.28,0.05
2000,Kazakhstan,0.78,2.80
2000,Kenya,4.03,0.17
2000,Korea (the Democratic People's Republic of),0.68,12.63
2000,Kyrgyzstan,1.83,16.33
2000,Lao People's Democratic Republic (the),3.55,8.86
2000,Latvia,0.47,14.84
2000,Lebanon,0.16,0.05
2000,Lithuania,0.49,0.45
2000,Luxembourg,0.19,0.67
2000,Madagascar,2.69,0.03
2000,Malawi,5.84,0.58
2000,Malaysia,0.61,0.24
2000,Mali,2.53,0.06
2000,Mauritania,1.63,0.08
2000,Mauritius,1.34,0.25
2000,Mexico,0.34,0.77
2000,Moldova,1.24,13.00
2000,Morocco,0.87,0.02
2000,Mozambique,2.44,956.00
2000,Myanmar,2.70,2.71
2000,Namibia,2.09,140.00
2000,Nepal,6.46,54.00
2000,Netherlands,0.30,0.04
2000,New Caledonia,0.62,0.06
2000,New Zealand,0.16,0.22
2000,Nicaragua,0.81,0.07
2000,Nigeria,1.87,0.62
2000,North Macedonia,0.71,2.72
2000,Norway,0.32,0.75
2000,Pakistan,2.03,71.63
2000,Panama,0.61,0.01
2000,Papua New Guinea,6.57,1.84
2000,Peru,0.37,0.46
2000,Philippines (the),1.17,390.00
2000,Poland,0.62,0.24
2000,Portugal,0.84,0.01
2000,Puerto Rico,0.06,0.37
2000,Romania,0.89,4.35
2000,Russian Federation (the),0.36,4.45
2000,Rwanda,5.70,1.67
2000,Saint Vincent and the Grenadines,1.21,0.43
2000,Samoa,3.55,1.00
2000,Sao Tome and Principe,0.87,0.50
2000,Senegal,1.48,0.03
2000,Serbia,0.90,31.68
2000,Sierra Leone,1.81,0.13
2000,Singapore,0.00,0.08
2000,Slovakia,0.78,6.07
2000,Slovenia,0.97,1.40
2000,South Africa,0.76,0.04
2000,South Korea,0.26,0.14
2000,Spain,0.31,0.07
2000,Sri Lanka,4.44,0.90
2000,Sudan (the),2.08,0.08
2000,Suriname,0.51,2.84
2000,Sweden,0.19,0.96
2000,Switzerland,0.36,0.01
2000,Syrian Arab Republic (the),0.93,0.35
2000,Tajikistan,2.77,63.73
2000,"Tanzania, the United Republic of",3.48,0.43
2000,Thailand,2.19,0.05
2000,Togo,2.04,1.25
2000,Tunisia,0.58,0.02
2000,Turkey,0.54,0.01
2000,Uganda,5.76,3.00
2000,Ukraine,0.49,0.01
2000,United Kingdom,0.27,0.07
2000,United States of America,0.26,0.05
2000,Uruguay,0.09,0.08
2000,Uzbekistan,1.17,1.85
2000,Venezuela (Bolivarian Republic of),0.14,7.96
2000,Viet Nam,3.10,4.65
2000,Zambia,1.87,767.00
2000,Zimbabwe,1.96,45.57
2001,Afghanistan,3.51,12.50
2001,Albania,1.36,20.71
2001,Algeria,0.65,0.09
2001,Angola,0.95,1.65
2001,Argentina,0.12,0.04
2001,Armenia,0.55,0.48
2001,Australia,0.19,0.02
2001,Austria,0.67,0.03
2001,Azerbaijan,0.94,0.20
2001,Bangladesh,3.15,0.84
2001,Belarus,0.42,0.02
2001,Belgium,0.03,0.01
2001,Belize,1.20,2.25
2001,Bermuda,0.00,0.02
2001,Bolivia,0.60,1.00
2001,Bosnia Herzegovina,1.34,57.56
2001,Brazil,0.23,0.91
2001,Bulgaria,0.45,1.99
2001,Burkina Faso,4.39,0.16
2001,Cabo Verde,0.84,0.06
2001,Cambodia,4.35,0.12
2001,Cameroon,1.17,49.14
2001,Canada,0.25,0.02
2001,Central African Republic (the),1.65,2.67
2001,Chile,0.16,0.01
2001,China,1.70,0.01
2001,Colombia,0.34,0.04
2001,Congo (the Democratic Republic of the),1.81,591.00
2001,Costa Rica,0.66,0.20
2001,Cote d'Ivoire,1.30,178.00
2001,Croatia,0.86,4.38
2001,Cuba,0.32,0.06
2001,Czechia,0.35,0.33
2001,Denmark,0.17,0.01
2001,Dominica,0.53,0.60
2001,Dominican Republic (the),0.60,1.14
2001,Ecuador,0.64,1.76
2001,Egypt,1.33,0.01
2001,El Salvador,0.68,0.12
2001,Equatorial Guinea,0.97,1.00
2001,Estonia,0.44,0.02
2001,Eswatini,3.43,19.00
2001,Ethiopia,5.70,2.50
2001,Faroe Islands (the),1.69,0.50
2001,Fiji,1.07,0.65
2001,Finland,0.21,0.01
2001,France,0.31,0.01
2001,French Polynesia,0.79,0.31
2001,Gabon,0.26,0.05
2001,Georgia,0.91,78.43
2001,Germany,0.33,0.22
2001,Ghana,1.24,0.01
2001,Greece,0.37,0.01
2001,Greenland,0.22,1.33
2001,Guatemala,1.19,0.22
2001,Guinea,2.21,1.34
2001,Guyana,2.50,0.01
2001,Haiti,1.68,0.90
2001,Honduras,1.18,0.03
2001,Hungary,0.55,0.02
2001,India,2.58,0.11
2001,Indonesia,1.34,0.35
2001,Iran (Islamic Republic of),0.54,0.06
2001,Iraq,0.46,0.12
2001,Ireland,0.68,0.01
2001,Israel,0.10,1.00
2001,Italy,0.49,0.04
2001,Jamaica,0.92,0.01
2001,Japan,0.25,0.10
2001,Jordan,0.28,0.05
2001,Kazakhstan,0.78,3.47
2001,Kenya,3.94,0.25
2001,Korea (the Democratic People's Republic of),0.68,10.39
2001,Kyrgyzstan,1.83,15.01
2001,Lao People's Democratic Republic (the),3.35,8.92
2001,Latvia,0.47,20.21
2001,Lebanon,0.16,0.03
2001,Lithuania,0.49,0.42
2001,Luxembourg,0.18,0.67
2001,Macao,0.00,0.04
2001,Madagascar,2.65,0.03
2001,Malawi,5.80,0.64
2001,Malaysia,0.59,0.20
2001,Mali,2.44,0.06
2001,Mauritania,1.59,0.07
2001,Mauritius,1.35,0.15
2001,Mexico,0.33,0.72
2001,Moldova,1.26,12.00
2001,Morocco,0.86,0.09
2001,Mozambique,2.42,293.00
2001,Myanmar,2.68,3.40
2001,Nepal,6.17,91.50
2001,Netherlands,0.28,0.03
2001,New Caledonia,0.61,0.05
2001,New Zealand,0.16,0.24
2001,Nicaragua,0.81,0.05
2001,Nigeria,1.80,0.62
2001,North Macedonia,0.71,3.71
2001,Norway,0.31,0.75
2001,Pakistan,2.01,67.64
2001,Panama,0.60,0.01
2001,Papua New Guinea,6.59,1.59
2001,Peru,0.36,0.52
2001,Philippines (the),1.17,8.35
2001,Poland,0.62,0.01
2001,Portugal,0.82,0.01
2001,Puerto Rico,0.06,0.33
2001,Romania,0.89,2.76
2001,Russian Federation (the),0.36,4.99
2001,Rwanda,5.32,1.50
2001,Saint Vincent and the Grenadines,1.20,0.25
2001,Samoa,3.53,1.00
2001,Senegal,1.47,0.03
2001,Serbia,0.89,30.91
2001,Sierra Leone,1.79,0.08
2001,Singapore,0.00,0.04
2001,Slovakia,0.78,0.13
2001,Slovenia,0.97,0.54
2001,South Africa,0.74,0.04
2001,South Korea,0.25,0.07
2001,Spain,0.31,0.07
2001,Sri Lanka,4.45,0.88
2001,Sudan (the),2.07,0.08
2001,Suriname,0.50,73.00
2001,Sweden,0.19,1.20
2001,Switzerland,0.36,0.01
2001,Syrian Arab Republic (the),0.91,0.31
2001,Tajikistan,2.77,78.94
2001,"Tanzania, the United Republic of",3.41,0.67
2001,Thailand,2.07,0.23
2001,Togo,2.00,0.63
2001,Trinidad and Tobago,0.79,0.01
2001,Tunisia,0.57,0.02
2001,Turkey,0.53,0.01
2001,Uganda,5.58,3.00
2001,Ukraine,0.49,0.02
2001,United Kingdom,0.27,0.08
2001,United States of America,0.26,0.05
2001,Uruguay,0.08,2.00
2001,Uzbekistan,1.15,2.22
2001,Venezuela (Bolivarian Republic of),0.14,6.05
2001,Viet Nam,3.01,5.66
2001,Zambia,1.86,789.00
2001,Zimbabwe,1.93,98.67
2002,Afghanistan,3.49,14.00
2002,Albania,1.30,15.13
2002,Algeria,0.63,0.10
2002,Angola,0.91,1.84
2002,Argentina,0.12,0.09
2002,Armenia,0.56,1.04
2002,Australia,0.19,0.02
2002,Austria,0.68,0.05
2002,Azerbaijan,0.93,0.35
2002,Bangladesh,3.04,0.83
2002,Belarus,0.41,0.02
2002,Belgium,0.03,0.01
2002,Belize,1.20,1.80
2002,Bermuda,0.00,0.02
2002,Bolivia,0.59,1.00
2002,Bosnia Herzegovina,1.32,37.64
2002,Brazil,0.22,0.01
2002,Bulgaria,0.44,2.08
2002,Burkina Faso,4.19,0.20
2002,Cabo Verde,0.81,0.06
2002,Cambodia,4.31,0.06
2002,Cameroon,1.14,26.25
2002,Canada,0.25,0.03
2002,Central African Republic (the),1.65,2.67
2002,Chile,0.15,0.01
2002,China,1.60,0.01
2002,Colombia,0.34,0.04
2002,Congo (the Democratic Republic of the),1.77,605.00
2002,Costa Rica,0.62,0.42
2002,Cote d'Ivoire,1.27,171.00
2002,Croatia,0.86,2.77
2002,Cuba,0.32,0.08
2002,Czechia,0.35,0.31
2002,Denmark,0.17,0.01
2002,Dominica,0.52,0.75
2002,Dominican Republic (the),0.58,0.29
2002,Ecuador,0.64,15.52
2002,Egypt,1.33,0.01
2002,El Salvador,0.67,0.11
2002,Equatorial Guinea,0.90,1.00
2002,Estonia,0.45,0.02
2002,Eswatini,3.46,20.00
2002,Ethiopia,5.61,2.00
2002,Faroe Islands (the),1.63,0.71
2002,Fiji,1.05,0.52
2002,Finland,0.21,0.01
2002,France,0.31,0.03
2002,French Polynesia,0.79,0.39
2002,Gabon,0.24,0.05
2002,Georgia,0.91,83.75
2002,Germany,0.33,0.01
2002,Ghana,1.21,2.20
2002,Greece,0.36,0.02
2002,Greenland,0.22,1.38
2002,Guatemala,1.17,0.20
2002,Guinea,2.18,1.40
2002,Guyana,2.51,0.01
2002,Haiti,1.57,0.90
2002,Honduras,1.15,0.04
2002,Hungary,0.54,0.02
2002,Iceland,0.08,143.00
2002,India,2.54,0.11
2002,Indonesia,1.30,0.24
2002,Iran (Islamic Republic of),0.53,0.06
2002,Iraq,0.46,0.12
2002,Ireland,0.68,0.01
2002,Israel,0.09,0.33
2002,Italy,0.48,0.04
2002,Jamaica,0.91,0.01
2002,Japan,0.22,0.10
2002,Jordan,0.28,0.07
2002,Kazakhstan,0.78,2.90
2002,Kenya,3.86,0.33
2002,Korea (the Democratic People's Republic of),0.68,10.41
2002,Kyrgyzstan,1.83,18.74
2002,Lao People's Democratic Republic (the),3.16,8.92
2002,Latvia,0.47,0.06
2002,Lebanon,0.16,0.06
2002,Lithuania,0.50,0.51
2002,Luxembourg,0.17,0.67
2002,Macao,0.00,0.04
2002,Madagascar,2.61,0.03
2002,Malawi,5.76,0.58
2002,Malaysia,0.57,0.07
2002,Mali,2.36,0.06
2002,Mauritania,1.53,0.06
2002,Mauritius,1.36,0.18
2002,Mexico,0.33,0.62
2002,Moldova,1.28,17.50
2002,Morocco,0.85,0.07
2002,Mozambique,2.39,418.33
2002,Myanmar,2.65,70.33
2002,Namibia,1.96,142.00
2002,Netherlands,0.26,0.01
2002,New Caledonia,0.60,0.04
2002,New Zealand,0.16,0.27
2002,Nicaragua,0.80,0.07
2002,Nigeria,1.74,0.62
2002,North Macedonia,0.72,3.62
2002,Norway,0.30,2.00
2002,Pakistan,2.00,97.17
2002,Panama,0.59,0.01
2002,Papua New Guinea,6.60,1.59
2002,Peru,0.35,0.24
2002,Philippines (the),1.18,1.12
2002,Poland,0.62,0.03
2002,Portugal,0.80,0.01
2002,Puerto Rico,0.06,0.11
2002,Romania,0.89,4.48
2002,Russian Federation (the),0.36,0.01
2002,Rwanda,4.96,1.43
2002,Saint Vincent and the Grenadines,1.18,0.25
2002,Samoa,3.56,1.20
2002,Sao Tome and Principe,0.80,0.33
2002,Senegal,1.46,7.00
2002,Serbia,0.88,39.72
2002,Sierra Leone,1.77,0.14
2002,Singapore,0.00,0.05
2002,Slovakia,0.79,0.13
2002,Slovenia,0.97,1.43
2002,South Africa,0.73,0.04
2002,South Korea,0.25,0.01
2002,Spain,0.31,0.09
2002,Sri Lanka,4.45,0.64
2002,Sudan (the),2.07,0.07
2002,Suriname,0.50,74.00
2002,Sweden,0.19,1.09
2002,Switzerland,0.36,0.01
2002,Syrian Arab Republic (the),0.90,0.19
2002,Tajikistan,2.77,108.29
2002,"Tanzania, the United Republic of",3.34,1.33
2002,Thailand,1.96,0.35
2002,Togo,1.96,1.29
2002,Trinidad and Tobago,0.80,0.01
2002,Tunisia,0.56,0.03
2002,Turkey,0.52,0.01
2002,Uganda,5.40,4.00
2002,Ukraine,0.49,0.02
2002,United Kingdom,0.27,0.11
2002,United States of America,0.26,0.01
2002,Uruguay,0.08,1.33
2002,Uzbekistan,1.12,2.98
2002,Venezuela (Bolivarian Republic of),0.14,4.46
2002,Viet Nam,2.92,4.15
2002,Zambia,1.82,405.00
2002,Zimbabwe,1.89,381.00
2003,Afghanistan,3.47,7.00
2003,Albania,1.24,46.55
2003,Algeria,0.61,0.38
2003,Angola,0.86,1.65
2003,Argentina,0.12,0.09
2003,Armenia,0.56,1.29
2003,Australia,0.19,0.02
2003,Austria,0.68,0.12
2003,Azerbaijan,0.92,0.32
2003,Bangladesh,2.93,0.84
2003,Belarus,0.40,0.03
2003,Belgium,0.03,0.02
2003,Belize,1.21,0.60
2003,Bermuda,0.00,0.02
2003,Bolivia,0.58,0.83
2003,Bosnia Herzegovina,1.31,32.14
2003,Brazil,0.22,0.01
2003,Bulgaria,0.43,2.96
2003,Burkina Faso,4.00,0.29
2003,Cambodia,4.28,0.02
2003,Cameroon,1.11,21.81
2003,Canada,0.25,0.04
2003,Central African Republic (the),1.64,2.67
2003,Chile,0.15,0.01
2003,China,1.51,0.01
2003,Colombia,0.33,0.04
2003,Congo (the),0.66,5.67
2003,Congo (the Democratic Republic of the),1.74,610.00
2003,Costa Rica,0.59,0.31
2003,Cote d'Ivoire,1.25,181.00
2003,Croatia,0.85,2.65
2003,Cuba,0.32,0.08
2003,Czechia,0.36,0.31
2003,Denmark,0.17,0.01
2003,Dominica,0.52,0.60
2003,Dominican Republic (the),0.55,0.19
2003,Ecuador,0.63,7.56
2003,Egypt,1.33,0.02
2003,El Salvador,0.65,0.12
2003,Equatorial Guinea,0.84,1.00
2003,Estonia,0.45,0.02
2003,Eswatini,3.49,12.00
2003,Ethiopia,5.53,2.50
2003,Faroe Islands (the),1.58,0.50
2003,Fiji,1.04,0.33
2003,Finland,0.21,0.01
2003,France,0.30,0.04
2003,French Polynesia,0.78,0.47
2003,Gabon,0.23,0.04
2003,Georgia,0.89,80.75
2003,Germany,0.32,0.01
2003,Ghana,1.18,1.91
2003,Greece,0.36,0.01
2003,Greenland,0.21,1.38
2003,Guatemala,1.16,0.21
2003,Guinea,2.15,0.87
2003,Guyana,2.53,0.01
2003,Haiti,1.46,0.89
2003,Honduras,1.12,0.07
2003,Hungary,0.53,0.09
2003,Iceland,0.08,141.00
2003,India,2.50,0.14
2003,Indonesia,1.25,0.21
2003,Iran (Islamic Republic of),0.51,0.06
2003,Iraq,0.46,0.15
2003,Ireland,0.67,0.02
2003,Israel,0.09,0.33
2003,Italy,0.48,0.04
2003,Jamaica,0.91,0.01
2003,Japan,0.20,0.01
2003,Jordan,0.28,0.01
2003,Kazakhstan,0.78,3.33
2003,Kenya,3.77,0.47
2003,Korea (the Democratic People's Republic of),0.68,11.72
2003,Kyrgyzstan,1.83,22.68
2003,Lao People's Democratic Republic (the),2.98,8.84
2003,Latvia,0.47,0.20
2003,Lebanon,0.16,0.12
2003,Lithuania,0.50,0.02
2003,Luxembourg,0.17,1.00
2003,Macao,0.00,0.09
2003,Madagascar,2.58,0.03
2003,Malawi,5.72,0.70
2003,Malaysia,0.54,0.11
2003,Mali,2.27,0.06
2003,Mauritania,1.48,0.09
2003,Mauritius,1.36,0.24
2003,Mexico,0.32,0.66
2003,Moldova,1.30,18.00
2003,Morocco,0.84,0.06
2003,Mozambique,2.37,358.67
2003,Myanmar,2.63,69.33
2003,Namibia,1.88,142.00
2003,Netherlands,0.24,0.01
2003,New Caledonia,0.59,1.88
2003,New Zealand,0.16,0.22
2003,Nicaragua,0.80,0.09
2003,Nigeria,1.68,0.58
2003,North Macedonia,0.73,68.50
2003,Norway,0.30,5.50
2003,Pakistan,1.98,6.00
2003,Panama,0.59,0.01
2003,Papua New Guinea,6.61,0.09
2003,Peru,0.35,0.26
2003,Philippines (the),1.18,1.10
2003,Poland,0.62,0.05
2003,Portugal,0.78,0.01
2003,Puerto Rico,0.06,0.03
2003,Romania,0.89,3.65
2003,Russian Federation (the),0.36,0.01
2003,Rwanda,4.92,2.00
2003,Saint Vincent and the Grenadines,1.16,0.22
2003,Samoa,3.61,1.00
2003,Sao Tome and Principe,0.76,0.33
2003,Senegal,1.45,1.00
2003,Serbia,0.87,32.37
2003,Sierra Leone,1.75,0.15
2003,Singapore,0.00,0.08
2003,Slovakia,0.79,0.08
2003,Slovenia,0.96,2.00
2003,South Africa,0.71,0.03
2003,South Korea,0.24,0.01
2003,Spain,0.30,0.12
2003,Sri Lanka,4.45,0.77
2003,Sudan (the),2.06,0.06
2003,Suriname,0.50,75.00
2003,Sweden,0.19,0.93
2003,Switzerland,0.36,0.02
2003,Syrian Arab Republic (the),0.89,0.22
2003,Tajikistan,2.77,96.12
2003,"Tanzania, the United Republic of",3.24,1.25
2003,Thailand,1.86,0.49
2003,Togo,1.92,2.00
2003,Trinidad and Tobago,0.81,1.00
2003,Tunisia,0.55,0.30
2003,Turkey,0.50,0.01
2003,Uganda,5.23,4.00
2003,Ukraine,0.48,0.04
2003,United Kingdom,0.26,0.11
2003,United States of America,0.26,0.08
2003,Uruguay,0.08,4.00
2003,Uzbekistan,1.10,4.11
2003,Venezuela (Bolivarian Republic of),0.14,3.97
2003,Viet Nam,2.83,7.14
2003,Zambia,1.78,413.00
2003,Zimbabwe,1.90,534.00
2004,Afghanistan,3.44,9.33
2004,Albania,1.19,38.64
2004,Algeria,0.59,0.36
2004,Angola,0.82,3.57
2004,Argentina,0.11,0.04
2004,Armenia,0.56,1.23
2004,Australia,0.18,0.02
2004,Austria,0.69,0.01
2004,Azerbaijan,0.92,0.44
2004,Bangladesh,2.83,0.83
2004,Belarus,0.39,0.02
2004,Belgium,0.03,0.03
2004,Belize,1.21,0.75
2004,Bermuda,0.00,0.02
2004,Bolivia,0.57,1.00
2004,Bosnia Herzegovina,1.29,46.00
2004,Brazil,0.21,0.01
2004,Bulgaria,0.42,3.11
2004,Burkina Faso,3.82,0.27
2004,Cabo Verde,0.76,0.05
2004,Cambodia,4.25,0.01
2004,Cameroon,1.09,20.42
2004,Canada,0.25,0.05
2004,Central African Republic (the),1.63,4.00
2004,Chile,0.15,0.71
2004,China,1.43,0.01
2004,Colombia,0.32,0.04
2004,Congo (the),0.65,4.71
2004,Congo (the Democratic Republic of the),1.70,701.00
2004,Costa Rica,0.55,0.29
2004,Cote d'Ivoire,1.23,11.00
2004,Croatia,0.85,4.65
2004,Cuba,0.32,0.05
2004,Czechia,0.36,0.01
2004,Denmark,0.17,0.01
2004,Dominica,0.51,0.38
2004,Dominican Republic (the),0.52,0.19
2004,Ecuador,0.63,5.92
2004,Egypt,1.33,0.05
2004,El Salvador,0.64,0.12
2004,Equatorial Guinea,0.78,1.00
2004,Estonia,0.45,0.02
2004,Eswatini,3.51,10.00
2004,Ethiopia,5.45,2.50
2004,Faroe Islands (the),1.55,0.07
2004,Fiji,1.02,0.34
2004,Finland,0.21,0.01
2004,France,0.30,0.05
2004,French Polynesia,0.76,0.50
2004,Gabon,0.22,0.03
2004,Georgia,0.88,59.90
2004,Germany,0.32,0.02
2004,Ghana,1.14,0.01
2004,Greece,0.35,0.02
2004,Greenland,0.21,1.36
2004,Guatemala,1.15,0.18
2004,Guinea,2.13,1.57
2004,Guyana,2.56,0.01
2004,Haiti,1.40,0.90
2004,Honduras,1.09,0.11
2004,Hungary,0.52,0.01
2004,India,2.46,0.16
2004,Indonesia,1.21,0.19
2004,Iran (Islamic Republic of),0.50,0.10
2004,Iraq,0.46,0.26
2004,Ireland,0.66,0.02
2004,Israel,0.09,0.01
2004,Italy,0.48,0.04
2004,Jamaica,0.90,0.01
2004,Japan,0.18,0.01
2004,Jordan,0.28,0.01
2004,Kazakhstan,0.77,6.83
2004,Kenya,3.69,0.26
2004,Korea (the Democratic People's Republic of),0.67,12.38
2004,Kyrgyzstan,1.83,23.25
2004,Latvia,0.47,0.67
2004,Lebanon,0.16,0.11
2004,Lithuania,0.50,0.02
2004,Luxembourg,0.16,0.33
2004,Macao,0.00,0.08
2004,Madagascar,2.54,0.02
2004,Malawi,5.68,0.50
2004,Malaysia,0.52,0.17
2004,Mali,2.19,0.05
2004,Mauritania,1.43,0.08
2004,Mauritius,1.37,0.26
2004,Mexico,0.32,0.79
2004,Moldova,1.33,35.00
2004,Morocco,0.83,1.67
2004,Mozambique,2.35,1155.00
2004,Myanmar,2.60,80.33
2004,Namibia,1.80,137.00
2004,Nepal,5.74,238.00
2004,Netherlands,0.23,0.01
2004,New Caledonia,0.58,0.06
2004,New Zealand,0.16,0.53
2004,Nicaragua,0.79,0.11
2004,Nigeria,1.62,0.50
2004,North Macedonia,0.73,74.00
2004,Norway,0.29,6.25
2004,Pakistan,1.96,7.06
2004,Panama,0.58,0.01
2004,Papua New Guinea,6.62,0.08
2004,Peru,0.34,0.16
2004,Philippines (the),1.18,1.01
2004,Poland,0.62,0.04
2004,Portugal,0.76,0.01
2004,Puerto Rico,0.06,0.05
2004,Romania,0.89,6.68
2004,Russian Federation (the),0.36,0.02
2004,Rwanda,4.91,1.33
2004,Saint Vincent and the Grenadines,1.14,0.33
2004,Samoa,3.66,0.83
2004,Sao Tome and Principe,0.72,0.33
2004,Senegal,1.42,0.67
2004,Serbia,0.86,70.80
2004,Sierra Leone,1.73,0.20
2004,Singapore,0.00,0.09
2004,Slovakia,0.79,0.01
2004,Slovenia,0.95,2.40
2004,South Africa,0.70,0.03
2004,South Korea,0.23,0.01
2004,Spain,0.30,0.12
2004,Sri Lanka,4.46,0.58
2004,Sudan (the),2.06,0.06
2004,Suriname,0.50,76.00
2004,Sweden,0.19,1.10
2004,Switzerland,0.36,0.01
2004,Syrian Arab Republic (the),0.87,0.32
2004,Tajikistan,2.77,108.93
2004,"Tanzania, the United Republic of",3.13,1.00
2004,Thailand,1.76,0.32
2004,Togo,1.88,0.73
2004,Trinidad and Tobago,0.81,2.00
2004,Tunisia,0.54,0.27
2004,Turkey,0.49,0.01
2004,Ukraine,0.48,0.04
2004,United Kingdom,0.26,0.18
2004,United States of America,0.25,0.11
2004,Uruguay,0.07,0.04
2004,Uzbekistan,1.08,3.00
2004,Venezuela (Bolivarian Republic of),0.14,5.67
2004,Viet Nam,2.75,10.61
2004,Zambia,1.74,846.00
2004,Zimbabwe,1.92,275.00
2005,Afghanistan,3.40,9.83
2005,Albania,1.14,76.00
2005,Algeria,0.57,0.76
2005,Angola,0.79,5.41
2005,Argentina,0.11,0.03
2005,Armenia,0.56,0.96
2005,Australia,0.18,0.02
2005,Austria,0.70,0.01
2005,Azerbaijan,0.91,0.51
2005,Bangladesh,2.73,8.00
2005,Belarus,0.38,0.04
2005,Belgium,0.03,0.05
2005,Belize,1.21,0.78
2005,Bermuda,0.00,0.01
2005,Bolivia,0.56,1.00
2005,Bosnia Herzegovina,1.27,42.86
2005,Brazil,0.21,0.01
2005,Bulgaria,0.42,5.73
2005,Burkina Faso,3.64,0.24
2005,Cabo Verde,0.73,0.04
2005,Cambodia,4.22,0.01
2005,Cameroon,1.06,16.22
2005,Canada,0.25,0.09
2005,Central African Republic (the),1.63,4.33
2005,Chile,0.15,0.53
2005,China,1.35,0.01
2005,Colombia,0.32,0.04
2005,Congo (the),0.64,4.38
2005,Congo (the Democratic Republic of the),1.67,732.00
2005,Costa Rica,0.52,0.26
2005,Cote d'Ivoire,1.21,11.00
2005,Croatia,0.84,0.01
2005,Cuba,0.31,0.04
2005,Czechia,0.36,0.01
2005,Denmark,0.16,0.01
2005,Dominica,0.50,0.33
2005,Dominican Republic (the),0.48,0.14
2005,Ecuador,0.62,0.01
2005,Egypt,1.32,0.03
2005,El Salvador,0.62,0.12
2005,Equatorial Guinea,0.73,1.00
2005,Estonia,0.45,0.04
2005,Eswatini,3.54,16.00
2005,Ethiopia,5.37,6.00
2005,Faroe Islands (the),1.51,0.07
2005,Fiji,1.01,0.31
2005,Finland,0.21,0.03
2005,France,0.30,0.04
2005,French Polynesia,0.74,0.55
2005,Gabon,0.21,0.03
2005,Georgia,0.87,38.56
2005,Germany,0.32,0.05
2005,Ghana,1.11,0.01
2005,Greece,0.34,0.01
2005,Greenland,0.21,1.43
2005,Guatemala,1.13,0.15
2005,Guinea,2.10,1.63
2005,Guyana,2.59,0.02
2005,Haiti,1.35,0.90
2005,Honduras,1.06,0.04
2005,Hungary,0.51,0.02
2005,India,2.42,0.23
2005,Indonesia,1.18,0.25
2005,Iran (Islamic Republic of),0.48,0.12
2005,Iraq,0.45,0.60
2005,Ireland,0.65,0.02
2005,Israel,0.09,0.01
2005,Italy,0.48,0.05
2005,Jamaica,0.89,0.01
2005,Japan,0.16,0.01
2005,Jordan,0.26,0.01
2005,Kazakhstan,0.77,2.99
2005,Kenya,3.61,0.21
2005,Korea (the Democratic People's Republic of),0.67,15.66
2005,Kyrgyzstan,1.83,19.48
2005,Latvia,0.47,4.00
2005,Lebanon,0.15,0.10
2005,Lithuania,0.50,0.02
2005,Luxembourg,0.15,0.67
2005,Macao,0.00,0.09
2005,Madagascar,2.47,0.02
2005,Malawi,5.64,0.38
2005,Malaysia,0.50,0.19
2005,Mali,2.12,0.05
2005,Mauritania,1.37,0.10
2005,Mauritius,1.37,0.18
2005,Mexico,0.31,0.75
2005,Moldova,1.34,36.00
2005,Montenegro,0.60,1.87
2005,Morocco,0.81,0.11
2005,Mozambique,2.33,1313.00
2005,Myanmar,2.58,100.00
2005,Namibia,1.73,55.33
2005,Nepal,5.60,124.50
2005,Netherlands,0.21,0.01
2005,New Caledonia,0.56,0.12
2005,New Zealand,0.16,1.00
2005,Nicaragua,0.79,0.15
2005,Nigeria,1.56,0.49
2005,North Macedonia,0.74,149.00
2005,Norway,0.29,8.25
2005,Pakistan,1.94,7.69
2005,Panama,0.57,0.01
2005,Papua New Guinea,6.63,0.54
2005,Peru,0.33,0.44
2005,Philippines (the),1.19,1.37
2005,Poland,0.63,0.03
2005,Portugal,0.74,0.01
2005,Puerto Rico,0.06,0.05
2005,Romania,0.88,9.91
2005,Russian Federation (the),0.36,0.02
2005,Rwanda,4.91,1.11
2005,Saint Vincent and the Grenadines,1.13,0.27
2005,Samoa,3.71,0.83
2005,Senegal,1.40,0.83
2005,Serbia,0.86,35.66
2005,Sierra Leone,1.71,0.33
2005,Singapore,0.00,0.11
2005,Slovakia,0.80,0.01
2005,Slovenia,0.94,2.20
2005,South Africa,0.68,0.11
2005,South Korea,0.23,0.01
2005,Spain,0.29,0.08
2005,Sri Lanka,4.46,0.65
2005,Sudan (the),2.05,0.05
2005,Suriname,0.50,82.00
2005,Sweden,0.19,1.55
2005,Switzerland,0.36,0.01
2005,Syrian Arab Republic (the),0.86,0.31
2005,Tajikistan,2.77,141.42
2005,"Tanzania, the United Republic of",3.02,1.25
2005,Thailand,1.67,0.24
2005,Togo,1.84,0.58
2005,Trinidad and Tobago,0.82,2.00
2005,Tunisia,0.53,0.19
2005,Turkey,0.47,0.01
2005,Uganda,4.90,0.71
2005,Ukraine,0.48,0.05
2005,United Kingdom,0.25,0.23
2005,United States of America,0.25,0.13
2005,Uruguay,0.07,0.04
2005,Uzbekistan,1.06,4.58
2005,Venezuela (Bolivarian Republic of),0.14,5.59
2005,Viet Nam,2.67,0.02
2005,Zambia,1.71,444.00
2005,Zimbabwe,1.93,245.50
2006,Afghanistan,3.37,5.82
2006,Albania,1.09,55.00
2006,Algeria,0.55,0.29
2006,Angola,0.76,5.77
2006,Argentina,0.11,0.04
2006,Armenia,0.57,1.22
2006,Australia,0.18,0.03
2006,Austria,0.71,0.01
2006,Azerbaijan,0.90,0.41
2006,Bangladesh,2.63,0.04
2006,Belarus,0.37,0.03
2006,Belgium,0.03,0.07
2006,Belize,1.21,6.00
2006,Bermuda,0.00,0.01
2006,Bolivia,0.55,1.00
2006,Bosnia Herzegovina,1.26,36.50
2006,Brazil,0.20,0.02
2006,Bulgaria,0.41,0.04
2006,Burkina Faso,3.48,0.17
2006,Cabo Verde,0.71,0.04
2006,Cambodia,4.18,0.01
2006,Cameroon,1.03,1.12
2006,Canada,0.25,0.24
2006,Central African Republic (the),1.62,4.67
2006,Chile,0.15,0.53
2006,China,1.28,0.16
2006,Colombia,0.31,0.05
2006,Congo (the),0.63,4.63
2006,Congo (the Democratic Republic of the),1.63,745.00
2006,Costa Rica,0.49,0.13
2006,Cote d'Ivoire,1.19,5.00
2006,Croatia,0.84,0.01
2006,Cuba,0.31,0.04
2006,Czechia,0.36,0.03
2006,Denmark,0.16,0.01
2006,Dominica,0.49,0.33
2006,Dominican Republic (the),0.46,0.09
2006,Ecuador,0.62,0.01
2006,Egypt,1.32,0.04
2006,El Salvador,0.61,0.11
2006,Equatorial Guinea,0.68,1.00
2006,Estonia,0.46,0.02
2006,Eswatini,3.56,15.00
2006,Ethiopia,5.29,3.00
2006,Faroe Islands (the),1.49,0.07
2006,Fiji,0.99,0.30
2006,Finland,0.20,0.02
2006,France,0.29,0.04
2006,French Polynesia,0.72,0.61
2006,Gabon,0.20,0.03
2006,Georgia,0.85,87.67
2006,Germany,0.31,0.08
2006,Ghana,1.08,1.97
2006,Greece,0.34,0.01
2006,Greenland,0.20,1.33
2006,Guatemala,1.12,0.15
2006,Guinea,2.07,1.70
2006,Guyana,2.63,0.02
2006,Haiti,1.29,0.90
2006,Honduras,1.03,0.04
2006,Hungary,0.49,0.05
2006,India,2.38,0.32
2006,Indonesia,1.14,0.20
2006,Iran (Islamic Republic of),0.47,0.23
2006,Iraq,0.45,0.45
2006,Ireland,0.65,0.03
2006,Italy,0.47,0.07
2006,Jamaica,0.89,0.01
2006,Japan,0.15,0.01
2006,Jordan,0.24,0.02
2006,Kazakhstan,0.77,1.18
2006,Kenya,3.54,0.17
2006,Korea (the Democratic People's Republic of),0.67,19.52
2006,Kyrgyzstan,1.83,17.64
2006,Latvia,0.47,0.02
2006,Lebanon,0.15,0.06
2006,Lithuania,0.50,0.02
2006,Luxembourg,0.15,0.50
2006,Macao,0.00,0.11
2006,Madagascar,2.40,0.02
2006,Malawi,5.60,0.35
2006,Malaysia,0.48,0.20
2006,Mali,2.05,0.05
2006,Mauritania,1.33,0.09
2006,Mauritius,1.38,0.10
2006,Mexico,0.31,0.69
2006,Moldova,1.34,37.00
2006,Montenegro,0.59,1.46
2006,Morocco,0.79,0.07
2006,Mozambique,2.31,1457.00
2006,Myanmar,2.55,111.00
2006,Namibia,1.66,151.00
2006,Nepal,5.47,271.00
2006,Netherlands,0.20,0.01
2006,New Caledonia,0.55,0.17
2006,New Zealand,0.16,0.94
2006,Nicaragua,0.78,0.14
2006,Nigeria,1.50,0.37
2006,North Macedonia,0.74,6.60
2006,Norway,0.28,9.75
2006,Pakistan,1.93,7.57
2006,Panama,0.56,0.01
2006,Papua New Guinea,6.64,0.56
2006,Peru,0.33,0.43
2006,Philippines (the),1.19,0.01
2006,Poland,0.63,0.06
2006,Portugal,0.72,0.02
2006,Puerto Rico,0.06,0.04
2006,Romania,0.88,11.55
2006,Russian Federation (the),0.36,0.02
2006,Rwanda,4.91,0.93
2006,Saint Vincent and the Grenadines,1.11,0.18
2006,Samoa,3.77,0.71
2006,Sao Tome and Principe,0.66,0.25
2006,Senegal,1.37,1.00
2006,Serbia,0.85,86.25
2006,Singapore,0.00,0.12
2006,Slovakia,0.80,0.01
2006,Slovenia,0.93,1.83
2006,South Africa,0.66,0.50
2006,South Korea,0.23,0.01
2006,Spain,0.29,0.11
2006,Sri Lanka,4.47,0.97
2006,Sudan (the),2.05,0.04
2006,Suriname,0.50,86.00
2006,Sweden,0.18,1.63
2006,Switzerland,0.36,0.01
2006,Syrian Arab Republic (the),0.85,0.27
2006,Tajikistan,2.77,72.61
2006,"Tanzania, the United Republic of",2.92,3.00
2006,Thailand,1.59,0.01
2006,Togo,1.81,0.69
2006,Trinidad and Tobago,0.83,3.00
2006,Tunisia,0.53,0.04
2006,Turkey,0.46,0.01
2006,Uganda,4.74,0.03
2006,Ukraine,0.47,0.05
2006,United Kingdom,0.25,0.30
2006,United States of America,0.25,0.01
2006,Uruguay,0.07,0.03
2006,Uzbekistan,1.04,2.30
2006,Venezuela (Bolivarian Republic of),0.14,5.86
2006,Viet Nam,2.59,0.04
2006,Zambia,1.67,967.00
2006,Zimbabwe,1.95,2.50
2007,Afghanistan,3.33,6.82
2007,Albania,1.04,39.43
2007,Algeria,0.53,0.28
2007,Angola,0.74,3.32
2007,Argentina,0.11,0.03
2007,Armenia,0.57,1.23
2007,Australia,0.18,0.03
2007,Austria,0.72,0.01
2007,Azerbaijan,0.89,0.59
2007,Bangladesh,2.54,0.03
2007,Belarus,0.36,1.00
2007,Belgium,0.03,0.10
2007,Belize,1.21,4.50
2007,Bermuda,0.00,0.01
2007,Bolivia,0.54,1.00
2007,Bosnia Herzegovina,1.24,24.94
2007,Brazil,0.20,0.07
2007,Bulgaria,0.40,0.08
2007,Burkina Faso,3.35,0.22
2007,Cabo Verde,0.68,0.04
2007,Cambodia,4.15,0.01
2007,Cameroon,1.01,0.17
2007,Canada,0.24,0.25
2007,Central African Republic (the),1.61,7.00
2007,Chile,0.15,0.58
2007,China,1.21,0.20
2007,Colombia,0.30,0.04
2007,Congo (the),0.62,4.71
2007,Congo (the Democratic Republic of the),1.60,774.00
2007,Costa Rica,0.47,0.11
2007,Cote d'Ivoire,1.17,6.00
2007,Croatia,0.83,0.01
2007,Cuba,0.31,0.05
2007,Czechia,0.36,0.09
2007,Denmark,0.16,0.02
2007,Dominica,0.49,0.20
2007,Dominican Republic (the),0.43,0.08
2007,Ecuador,0.61,0.01
2007,Egypt,1.32,0.04
2007,El Salvador,0.59,0.07
2007,Equatorial Guinea,0.64,1.00
2007,Estonia,0.46,0.06
2007,Eswatini,3.58,17.00
2007,Ethiopia,5.21,1.00
2007,Faroe Islands (the),1.48,0.13
2007,Fiji,0.97,0.04
2007,Finland,0.20,0.02
2007,France,0.29,0.04
2007,French Polynesia,0.71,0.67
2007,Gabon,0.19,0.03
2007,Georgia,0.84,112.50
2007,Germany,0.31,0.12
2007,Ghana,1.05,1.13
2007,Greece,0.33,0.02
2007,Greenland,0.20,1.25
2007,Guatemala,1.10,0.23
2007,Guinea,2.05,2.12
2007,Guyana,2.66,0.01
2007,Haiti,1.24,0.48
2007,Honduras,1.00,0.04
2007,Hungary,0.48,0.14
2007,India,2.34,0.55
2007,Indonesia,1.10,0.24
2007,Iran (Islamic Republic of),0.45,0.25
2007,Iraq,0.45,0.44
2007,Ireland,0.64,0.04
2007,Italy,0.47,0.10
2007,Jamaica,0.88,0.01
2007,Japan,0.13,0.01
2007,Jordan,0.21,0.03
2007,Kazakhstan,0.77,1.62
2007,Kenya,3.46,0.27
2007,Korea (the Democratic People's Republic of),0.67,17.30
2007,Kyrgyzstan,1.83,114.64
2007,Latvia,0.47,2.00
2007,Lebanon,0.15,0.06
2007,Lithuania,0.50,0.08
2007,Luxembourg,0.14,0.50
2007,Macao,0.00,0.13
2007,Madagascar,2.33,0.03
2007,Malawi,5.56,0.40
2007,Malaysia,0.46,0.25
2007,Mali,1.98,0.05
2007,Mauritania,1.28,0.08
2007,Mauritius,1.39,0.09
2007,Mexico,0.30,0.02
2007,Moldova,1.34,0.06
2007,Montenegro,0.58,1.49
2007,Morocco,0.78,0.10
2007,Mozambique,2.29,1590.00
2007,Myanmar,2.53,120.67
2007,Namibia,1.59,51.33
2007,Nepal,5.34,276.00
2007,Netherlands,0.18,0.01
2007,New Caledonia,0.53,0.24
2007,New Zealand,0.16,1.21
2007,Nicaragua,0.78,0.11
2007,Nigeria,1.45,0.37
2007,North Macedonia,0.75,2.10
2007,Norway,0.28,9.75
2007,Pakistan,1.91,8.93
2007,Panama,0.56,0.01
2007,Papua New Guinea,6.65,0.77
2007,Peru,0.32,0.49
2007,Philippines (the),1.20,0.01
2007,Poland,0.63,0.12
2007,Portugal,0.70,0.04
2007,Puerto Rico,0.06,0.05
2007,Romania,0.87,0.03
2007,Russian Federation (the),0.36,0.02
2007,Rwanda,4.91,0.92
2007,Saint Vincent and the Grenadines,1.09,0.17
2007,Samoa,3.82,0.71
2007,Sao Tome and Principe,0.63,0.25
2007,Senegal,1.35,0.80
2007,Serbia,0.84,22.00
2007,Sierra Leone,1.65,0.50
2007,Singapore,0.00,0.13
2007,Slovakia,0.81,0.01
2007,Slovenia,0.92,3.67
2007,South Africa,0.65,0.11
2007,South Korea,0.23,0.02
2007,Spain,0.29,0.02
2007,Sri Lanka,4.47,0.67
2007,Sudan (the),2.04,0.04
2007,Suriname,0.50,43.00
2007,Sweden,0.18,2.20
2007,Switzerland,0.36,0.03
2007,Syrian Arab Republic (the),0.83,0.29
2007,Tajikistan,2.77,45.03
2007,"Tanzania, the United Republic of",2.83,1.50
2007,Thailand,1.50,0.01
2007,Togo,1.77,0.11
2007,Trinidad and Tobago,0.83,1.00
2007,Tunisia,0.52,0.03
2007,Turkey,0.45,0.01
2007,Uganda,4.59,0.02
2007,Ukraine,0.47,0.07
2007,United Kingdom,0.24,0.41
2007,United States of America,0.25,0.01
2007,Uruguay,0.07,0.11
2007,Uzbekistan,1.02,2.34
2007,Venezuela (Bolivarian Republic of),0.14,6.32
2007,Viet Nam,2.51,0.03
2007,Zambia,1.64,963.00
2007,Zimbabwe,1.96,2.00
2008,Afghanistan,3.29,4.91
2008,Algeria,0.51,0.35
2008,Angola,0.72,3.50
2008,Argentina,0.10,0.02
2008,Armenia,0.57,0.96
2008,Australia,0.18,0.02
2008,Austria,0.73,0.01
2008,Azerbaijan,0.89,1.28
2008,Bangladesh,2.45,0.02
2008,Belarus,0.36,3.00
2008,Belgium,0.03,0.01
2008,Belize,1.21,20.00
2008,Bermuda,0.00,0.01
2008,Bolivia,0.53,1.50
2008,Bosnia Herzegovina,1.23,0.50
2008,Brazil,0.19,0.10
2008,Bulgaria,0.40,0.08
2008,Burkina Faso,3.25,0.27
2008,Cabo Verde,0.66,0.04
2008,Cambodia,4.11,0.01
2008,Cameroon,0.99,0.16
2008,Canada,0.24,0.38
2008,Central African Republic (the),1.60,7.00
2008,Chile,0.15,0.02
2008,China,1.15,0.01
2008,Colombia,0.30,0.04
2008,Congo (the),0.60,4.11
2008,Congo (the Democratic Republic of the),1.57,370.50
2008,Costa Rica,0.44,0.12
2008,Cote d'Ivoire,1.15,12.00
2008,Croatia,0.82,0.01
2008,Cuba,0.31,0.06
2008,Czechia,0.36,0.01
2008,Denmark,0.16,0.02
2008,Dominica,0.48,0.18
2008,Dominican Republic (the),0.40,0.08
2008,Ecuador,0.61,0.01
2008,Egypt,1.32,0.05
2008,El Salvador,0.57,0.08
2008,Equatorial Guinea,0.59,5.00
2008,Estonia,0.46,0.07
2008,Eswatini,3.54,16.00
2008,Ethiopia,5.06,1.00
2008,Faroe Islands (the),1.47,0.06
2008,Fiji,0.96,0.07
2008,Finland,0.20,0.04
2008,France,0.28,0.05
2008,French Polynesia,0.69,0.58
2008,Gabon,0.19,0.02
2008,Georgia,0.83,709.00
2008,Germany,0.31,0.18
2008,Ghana,1.03,0.01
2008,Greece,0.32,0.02
2008,Greenland,0.19,1.18
2008,Guatemala,1.09,0.25
2008,Guinea,2.02,1.79
2008,Guyana,2.69,0.01
2008,Haiti,1.20,0.58
2008,Honduras,0.98,0.05
2008,Hungary,0.47,0.34
2008,India,2.31,0.61
2008,Indonesia,1.07,0.23
2008,Iran (Islamic Republic of),0.44,0.51
2008,Iraq,0.45,0.23
2008,Ireland,0.64,0.05
2008,Italy,0.47,0.01
2008,Jamaica,0.87,0.01
2008,Japan,0.12,0.02
2008,Jordan,0.19,0.03
2008,Kazakhstan,0.76,2.42
2008,Kenya,3.39,0.28
2008,Korea (the Democratic People's Republic of),0.67,17.86
2008,Kyrgyzstan,1.83,91.09
2008,Latvia,0.47,0.02
2008,Lebanon,0.15,0.03
2008,Lithuania,0.50,0.09
2008,Luxembourg,0.14,0.50
2008,Macao,0.00,0.45
2008,Madagascar,2.26,0.02
2008,Malawi,5.52,0.50
2008,Malaysia,0.44,0.30
2008,Mali,1.91,0.04
2008,Mauritania,1.23,0.09
2008,Mauritius,1.39,0.13
2008,Mexico,0.29,0.03
2008,Moldova,1.34,38.00
2008,Mongolia,0.52,0.06
2008,Montenegro,0.58,1.19
2008,Morocco,0.76,0.11
2008,Mozambique,2.24,1496.00
2008,Myanmar,2.51,101.75
2008,Namibia,1.53,139.00
2008,Nepal,5.21,278.00
2008,Netherlands,0.17,0.01
2008,New Caledonia,0.52,0.27
2008,New Zealand,0.16,1.01
2008,Nicaragua,0.77,0.15
2008,Nigeria,1.40,0.37
2008,North Macedonia,0.75,4.67
2008,Norway,0.27,10.00
2008,Pakistan,1.89,11.64
2008,Panama,0.55,0.01
2008,Papua New Guinea,6.66,0.70
2008,Peru,0.31,0.52
2008,Philippines (the),1.20,0.01
2008,Poland,0.64,0.19
2008,Portugal,0.68,0.01
2008,Puerto Rico,0.06,0.04
2008,Romania,0.87,0.03
2008,Russian Federation (the),0.36,0.02
2008,Rwanda,4.91,1.23
2008,Saint Vincent and the Grenadines,1.08,0.17
2008,Samoa,3.87,0.83
2008,Sao Tome and Principe,0.60,0.25
2008,Senegal,1.33,0.80
2008,Serbia,0.83,56.24
2008,Sierra Leone,1.63,0.50
2008,Singapore,0.00,0.15
2008,Slovakia,0.81,0.01
2008,Slovenia,0.92,14.50
2008,South Africa,0.64,0.22
2008,South Korea,0.22,0.02
2008,Spain,0.28,0.13
2008,Sri Lanka,4.48,0.72
2008,Sudan (the),2.04,0.04
2008,Suriname,0.50,43.00
2008,Sweden,0.18,3.92
2008,Switzerland,0.36,0.03
2008,Syrian Arab Republic (the),0.82,0.22
2008,Tajikistan,2.77,45.14
2008,"Tanzania, the United Republic of",2.73,3.00
2008,Thailand,1.42,0.04
2008,Togo,1.73,2.25
2008,Trinidad and Tobago,0.84,1.00
2008,Tunisia,0.51,0.04
2008,Turkey,0.44,0.02
2008,Uganda,4.44,0.03
2008,Ukraine,0.46,0.05
2008,United Kingdom,0.24,0.37
2008,United States of America,0.24,0.02
2008,Uruguay,0.06,87.00
2008,Uzbekistan,1.00,3.03
2008,Venezuela (Bolivarian Republic of),0.14,5.80
2008,Viet Nam,2.43,0.03
2008,Zambia,1.61,952.00
2008,Zimbabwe,1.98,2.67
2009,Afghanistan,3.25,15.60
2009,Algeria,0.50,0.49
2009,Angola,0.69,1.99
2009,Argentina,0.10,0.02
2009,Armenia,0.57,1.74
2009,Aruba,1.30,0.03
2009,Australia,0.18,0.04
2009,Austria,0.73,0.02
2009,Azerbaijan,0.88,4.58
2009,Bangladesh,2.37,0.03
2009,Belarus,0.35,4.00
2009,Belgium,0.02,0.06
2009,Belize,1.21,3.80
2009,Bermuda,0.00,0.01
2009,Bolivia,0.52,1.60
2009,Bosnia Herzegovina,1.21,208.00
2009,Brazil,0.19,0.12
2009,Bulgaria,0.39,0.03
2009,Burkina Faso,3.15,0.23
2009,Cabo Verde,0.64,0.03
2009,Cambodia,4.02,0.67
2009,Cameroon,0.96,0.17
2009,Canada,0.24,0.01
2009,Central African Republic (the),1.58,7.00
2009,Chile,0.15,0.02
2009,China,1.09,0.02
2009,Colombia,0.29,0.03
2009,Congo (the),0.59,16.50
2009,Congo (the Democratic Republic of the),1.53,772.00
2009,Costa Rica,0.42,0.27
2009,Cote d'Ivoire,1.13,7.00
2009,Croatia,0.82,0.01
2009,Cuba,0.31,0.06
2009,Cyprus,0.48,0.01
2009,Czechia,0.36,0.09
2009,Denmark,0.15,0.01
2009,Dominica,0.47,0.18
2009,Dominican Republic (the),0.38,0.08
2009,Ecuador,0.60,0.01
2009,Egypt,1.32,0.05
2009,El Salvador,0.55,0.09
2009,Equatorial Guinea,0.55,5.00
2009,Estonia,0.47,0.27
2009,Eswatini,3.49,20.00
2009,Ethiopia,4.91,0.33
2009,Faroe Islands (the),1.46,0.06
2009,Fiji,0.94,0.06
2009,Finland,0.20,0.05
2009,France,0.28,0.02
2009,French Polynesia,0.67,0.57
2009,Gabon,0.18,0.04
2009,Georgia,0.81,183.50
2009,Germany,0.30,0.29
2009,Ghana,1.00,1.00
2009,Greece,0.32,0.01
2009,Greenland,0.19,1.73
2009,Guatemala,1.08,0.38
2009,Guinea,1.99,1.86
2009,Guyana,2.72,0.01
2009,Haiti,1.15,0.39
2009,Honduras,0.95,0.13
2009,Hungary,0.46,0.28
2009,India,2.27,0.01
2009,Indonesia,1.04,0.21
2009,Iran (Islamic Republic of),0.43,0.61
2009,Iraq,0.45,0.20
2009,Ireland,0.63,0.07
2009,Israel,0.09,0.01
2009,Italy,0.47,0.02
2009,Jamaica,0.87,0.01
2009,Japan,0.11,0.03
2009,Jordan,0.18,0.01
2009,Kazakhstan,0.76,7.82
2009,Kenya,3.31,0.18
2009,Korea (the Democratic People's Republic of),0.66,20.63
2009,Kyrgyzstan,1.83,126.38
2009,Latvia,0.47,0.02
2009,Lebanon,0.15,3.26
2009,Lithuania,0.50,0.10
2009,Luxembourg,0.13,0.50
2009,Macao,0.00,0.40
2009,Madagascar,2.19,0.02
2009,Malawi,5.48,0.50
2009,Malaysia,0.43,0.49
2009,Mali,1.84,0.06
2009,Mauritania,1.19,0.17
2009,Mauritius,1.40,0.13
2009,Mexico,0.29,0.06
2009,Moldova,1.34,7.00
2009,Mongolia,0.50,0.07
2009,Montenegro,0.57,3.00
2009,Morocco,0.74,0.13
2009,Mozambique,2.19,1678.00
2009,Myanmar,2.48,175.33
2009,Namibia,1.46,0.13
2009,Nepal,5.08,307.00
2009,Netherlands,0.16,0.01
2009,New Caledonia,0.50,0.14
2009,New Zealand,0.16,1.33
2009,Nicaragua,0.76,0.05
2009,Nigeria,1.35,0.30
2009,North Macedonia,0.75,5.08
2009,Norway,0.27,5.75
2009,Pakistan,1.87,0.08
2009,Panama,0.54,0.01
2009,Papua New Guinea,6.67,0.70
2009,Peru,0.31,0.59
2009,Philippines (the),1.20,0.01
2009,Poland,0.64,0.27
2009,Portugal,0.67,0.05
2009,Puerto Rico,0.07,0.05
2009,Romania,0.86,0.01
2009,Russian Federation (the),0.36,0.02
2009,Rwanda,4.91,1.07
2009,Saint Vincent and the Grenadines,1.06,0.17
2009,Samoa,3.93,0.63
2009,Sao Tome and Principe,0.57,0.20
2009,Senegal,1.31,1.00
2009,Serbia,0.83,70.27
2009,Sierra Leone,1.60,0.50
2009,Singapore,0.00,0.15
2009,Slovakia,0.82,0.01
2009,Slovenia,0.91,6.33
2009,South Africa,0.62,2.00
2009,South Korea,0.22,0.03
2009,Spain,0.28,0.17
2009,Sri Lanka,4.48,0.65
2009,Sudan (the),2.03,0.05
2009,Suriname,0.51,43.00
2009,Sweden,0.18,0.02
2009,Switzerland,0.36,0.03
2009,Syrian Arab Republic (the),0.81,0.09
2009,Tajikistan,2.77,72.27
2009,"Tanzania, the United Republic of",2.64,0.55
2009,Thailand,1.35,0.08
2009,Togo,1.70,2.75
2009,Trinidad and Tobago,0.84,1.00
2009,Tunisia,0.51,0.15
2009,Turkey,0.42,0.05
2009,Uganda,4.30,0.02
2009,Ukraine,0.46,0.02
2009,United Kingdom,0.23,0.41
2009,United States of America,0.24,0.02
2009,Uruguay,0.06,2.00
2009,Uzbekistan,0.98,6.23
2009,Venezuela (Bolivarian Republic of),0.14,5.54
2009,Viet Nam,2.36,0.01
2009,Zambia,1.57,988.00
2009,Zimbabwe,2.00,3.00
2010,Afghanistan,3.21,12.50
2010,Algeria,0.48,0.18
2010,Angola,0.67,0.01
2010,Argentina,0.10,0.01
2010,Armenia,0.58,0.01
2010,Aruba,1.32,0.13
2010,Australia,0.17,0.16
2010,Austria,0.74,0.03
2010,Azerbaijan,0.87,85.25
2010,Bangladesh,2.28,0.09
2010,Belarus,0.34,1.67
2010,Belgium,0.02,0.09
2010,Belize,1.21,5.50
2010,Bermuda,0.00,0.01
2010,Bolivia,0.51,1.33
2010,Bosnia Herzegovina,1.20,160.60
2010,Brazil,0.19,0.19
2010,Bulgaria,0.38,0.03
2010,Burkina Faso,3.06,0.02
2010,Burundi,8.40,7.00
2010,Cambodia,3.93,0.67
2010,Cameroon,0.94,0.14
2010,Canada,0.24,0.04
2010,Central African Republic (the),1.57,4.33
2010,Chile,0.15,0.04
2010,China,1.03,0.02
2010,Colombia,0.28,0.01
2010,Congo (the),0.58,43.00
2010,Congo (the Democratic Republic of the),1.50,774.00
2010,Costa Rica,0.39,0.22
2010,Cote d'Ivoire,1.11,0.78
2010,Croatia,0.81,0.05
2010,Cuba,0.31,0.04
2010,Cyprus,0.48,0.01
2010,Czechia,0.37,0.25
2010,Denmark,0.15,0.01
2010,Dominica,0.47,0.17
2010,Dominican Republic (the),0.36,0.09
2010,Ecuador,0.60,0.01
2010,Egypt,1.32,0.07
2010,El Salvador,0.53,0.13
2010,Equatorial Guinea,0.52,3.00
2010,Estonia,0.47,0.10
2010,Eswatini,3.45,24.00
2010,Ethiopia,4.77,0.40
2010,Faroe Islands (the),1.44,0.05
2010,Fiji,0.92,0.02
2010,Finland,0.19,0.04
2010,France,0.28,0.05
2010,French Polynesia,0.66,0.52
2010,Gabon,0.17,0.05
2010,Georgia,0.80,309.00
2010,Germany,0.30,0.45
2010,Ghana,0.97,0.02
2010,Greece,0.31,0.03
2010,Greenland,0.19,2.42
2010,Guatemala,1.07,0.22
2010,Guinea,1.97,3.20
2010,Guyana,2.75,0.01
2010,Haiti,1.10,0.33
2010,Honduras,0.93,0.12
2010,Hong Kong,0.00,0.36
2010,Hungary,0.45,0.25
2010,India,2.23,0.01
2010,Indonesia,1.00,0.22
2010,Iran (Islamic Republic of),0.42,0.03
2010,Iraq,0.45,0.32
2010,Ireland,0.62,0.11
2010,Israel,0.09,0.01
2010,Italy,0.46,0.07
2010,Jamaica,0.86,0.01
2010,Japan,0.10,0.04
2010,Jordan,0.16,0.01
2010,Kazakhstan,0.76,12.94
2010,Kenya,3.24,0.01
2010,Korea (the Democratic People's Republic of),0.66,23.28
2010,Kyrgyzstan,1.83,61.11
2010,Latvia,0.47,0.02
2010,Lebanon,0.15,0.84
2010,Lithuania,0.50,0.17
2010,Luxembourg,0.13,0.40
2010,Macao,0.00,1.11
2010,Madagascar,2.13,0.02
2010,Malawi,5.43,0.50
2010,Malaysia,0.41,0.45
2010,Mali,1.78,0.01
2010,Mauritania,1.15,0.16
2010,Mauritius,1.41,0.10
2010,Mexico,0.29,0.01
2010,Moldova,1.35,13.33
2010,Mongolia,0.48,0.06
2010,Montenegro,0.56,2.17
2010,Morocco,0.72,0.23
2010,Mozambique,2.14,832.50
2010,Myanmar,2.46,206.33
2010,Namibia,1.40,0.20
2010,Netherlands,0.15,0.02
2010,New Caledonia,0.49,0.09
2010,New Zealand,0.16,1.18
2010,Nicaragua,0.76,0.07
2010,Nigeria,1.30,0.32
2010,North Macedonia,0.75,81.00
2010,Norway,0.26,8.75
2010,Pakistan,1.86,0.11
2010,Panama,0.54,0.01
2010,Papua New Guinea,6.68,0.70
2010,Peru,0.31,0.79
2010,Philippines (the),1.21,0.01
2010,Poland,0.64,0.36
2010,Portugal,0.65,0.06
2010,Puerto Rico,0.07,0.05
2010,Romania,0.86,0.20
2010,Russian Federation (the),0.36,0.04
2010,Rwanda,4.91,11.00
2010,Saint Vincent and the Grenadines,1.04,0.25
2010,Samoa,3.98,0.71
2010,Senegal,1.28,0.88
2010,Serbia,0.82,66.06
2010,Sierra Leone,1.57,6.00
2010,Singapore,0.00,0.13
2010,Slovakia,0.83,0.01
2010,Slovenia,0.90,1.00
2010,South Africa,0.61,0.15
2010,South Korea,0.22,0.02
2010,Spain,0.27,0.22
2010,Sri Lanka,4.49,0.01
2010,Sudan (the),2.02,0.11
2010,Suriname,0.51,60.00
2010,Sweden,0.18,0.01
2010,Switzerland,0.36,0.04
2010,Syrian Arab Republic (the),0.80,0.14
2010,Tajikistan,2.77,410.00
2010,"Tanzania, the United Republic of",2.56,0.05
2010,Thailand,1.28,0.10
2010,Togo,1.66,0.69
2010,Tunisia,0.50,0.01
2010,Turkey,0.41,0.15
2010,Uganda,4.16,0.02
2010,Ukraine,0.46,0.06
2010,United Kingdom,0.23,0.34
2010,United States of America,0.24,0.03
2010,Uruguay,0.06,0.88
2010,Uzbekistan,0.96,10.78
2010,Venezuela (Bolivarian Republic of),0.14,4.26
2010,Viet Nam,2.29,0.02
2010,Zambia,1.54,1044.00
2010,Zimbabwe,2.01,3.50
2011,Afghanistan,3.18,8.57
2011,Albania,0.88,68.83
2011,Algeria,0.47,0.47
2011,Angola,0.65,0.01
2011,Argentina,0.10,0.01
2011,Armenia,0.58,1.04
2011,Aruba,1.33,0.13
2011,Australia,0.17,0.42
2011,Austria,0.75,0.05
2011,Azerbaijan,0.86,7.57
2011,Bangladesh,2.20,0.07
2011,Belarus,0.33,2.00
2011,Belgium,0.02,0.06
2011,Belize,1.21,3.00
2011,Bermuda,0.00,0.01
2011,Bolivia,0.50,1.80
2011,Bosnia Herzegovina,1.18,109.75
2011,Brazil,0.18,0.21
2011,Bulgaria,0.38,0.40
2011,Burkina Faso,2.97,0.02
2011,Burundi,8.16,1.00
2011,Cabo Verde,0.60,0.03
2011,Cambodia,3.84,0.40
2011,Cameroon,0.92,0.16
2011,Canada,0.23,0.09
2011,Central African Republic (the),1.56,5.00
2011,Chile,0.15,0.05
2011,China,0.98,0.08
2011,Colombia,0.28,0.01
2011,Congo (the),0.57,78.00
2011,Congo (the Democratic Republic of the),1.47,773.00
2011,Costa Rica,0.37,0.16
2011,Cote d'Ivoire,1.09,2.00
2011,Croatia,0.81,0.07
2011,Cuba,0.30,0.01
2011,Cyprus,0.48,0.01
2011,Czechia,0.37,0.28
2011,Denmark,0.15,0.01
2011,Dominica,0.46,0.36
2011,Dominican Republic (the),0.34,0.01
2011,Ecuador,0.59,0.01
2011,Egypt,1.33,0.01
2011,El Salvador,0.51,0.12
2011,Equatorial Guinea,0.48,3.00
2011,Estonia,0.47,0.12
2011,Eswatini,3.41,28.00
2011,Ethiopia,4.64,0.20
2011,Faroe Islands (the),1.43,0.06
2011,Fiji,0.90,0.11
2011,Finland,0.19,0.07
2011,France,0.27,0.04
2011,French Polynesia,0.64,0.02
2011,Gabon,0.16,0.04
2011,Georgia,0.79,781.00
2011,Germany,0.30,0.72
2011,Ghana,0.95,0.02
2011,Greece,0.30,0.04
2011,Greenland,0.18,3.09
2011,Guatemala,1.05,0.21
2011,Guinea,1.94,2.93
2011,Guyana,2.79,0.01
2011,Haiti,1.06,0.14
2011,Honduras,0.90,1.20
2011,Hong Kong,0.00,0.33
2011,Hungary,0.44,0.55
2011,India,2.20,0.09
2011,Indonesia,0.98,0.22
2011,Iran (Islamic Republic of),0.40,0.18
2011,Iraq,0.44,0.19
2011,Ireland,0.62,0.15
2011,Israel,0.09,0.01
2011,Italy,0.46,0.22
2011,Jamaica,0.85,0.02
2011,Japan,0.10,0.03
2011,Jordan,0.15,0.01
2011,Kazakhstan,0.76,14.59
2011,Kenya,3.17,0.01
2011,Korea (the Democratic People's Republic of),0.65,21.08
2011,Kyrgyzstan,1.83,93.33
2011,Latvia,0.47,0.02
2011,Lebanon,0.14,0.05
2011,Lithuania,0.50,0.34
2011,Luxembourg,0.12,0.50
2011,Macao,0.00,0.66
2011,Madagascar,2.07,0.29
2011,Malawi,5.38,0.50
2011,Malaysia,0.40,0.16
2011,Mali,1.72,0.02
2011,Mauritania,1.11,0.18
2011,Mauritius,1.41,0.05
2011,Mexico,0.28,0.16
2011,Moldova,1.35,17.50
2011,Mongolia,0.47,0.04
2011,Montenegro,0.55,0.83
2011,Morocco,0.71,0.18
2011,Mozambique,2.09,149.82
2011,Myanmar,2.44,188.00
2011,Namibia,1.35,1.00
2011,Netherlands,0.14,0.01
2011,New Caledonia,0.48,0.09
2011,New Zealand,0.16,1.33
2011,Nicaragua,0.75,0.08
2011,Nigeria,1.25,0.28
2011,North Macedonia,0.75,20.43
2011,Norway,0.26,8.50
2011,Pakistan,1.84,0.20
2011,Panama,0.53,0.04
2011,Papua New Guinea,6.69,0.68
2011,Peru,0.31,1.10
2011,Philippines (the),1.20,0.03
2011,Poland,0.65,0.56
2011,Portugal,0.63,0.07
2011,Puerto Rico,0.07,0.04
2011,Romania,0.85,0.34
2011,Russian Federation (the),0.36,0.02
2011,Rwanda,4.90,15.00
2011,Saint Vincent and the Grenadines,1.03,0.27
2011,Samoa,4.04,0.63
2011,Sao Tome and Principe,0.51,0.17
2011,Senegal,1.26,1.33
2011,Serbia,0.81,61.93
2011,Sierra Leone,1.55,7.50
2011,Singapore,0.00,0.13
2011,Slovakia,0.84,0.34
2011,Slovenia,0.89,3.50
2011,South Africa,0.59,0.06
2011,South Korea,0.22,0.06
2011,Spain,0.27,0.27
2011,Sri Lanka,4.49,0.03
2011,Sudan (the),2.01,0.06
2011,Suriname,0.51,51.50
2011,Sweden,0.17,0.02
2011,Switzerland,0.36,0.07
2011,Syrian Arab Republic (the),0.83,0.18
2011,Tajikistan,2.77,405.00
2011,"Tanzania, the United Republic of",2.47,0.02
2011,Thailand,1.24,0.07
2011,Togo,1.63,3.33
2011,Tunisia,0.49,5.00
2011,Turkey,0.40,0.33
2011,Uganda,4.03,0.02
2011,Ukraine,0.46,0.05
2011,United Kingdom,0.23,0.03
2011,United States of America,0.24,0.04
2011,Uruguay,0.06,1.22
2011,Uzbekistan,0.96,10.36
2011,Venezuela (Bolivarian Republic of),0.13,4.96
2011,Viet Nam,2.22,0.01
2011,Zambia,1.51,1148.00
2011,Zimbabwe,2.03,2.25
2012,Afghanistan,3.14,0.43
2012,Algeria,0.45,0.58
2012,Angola,0.63,2.44
2012,Argentina,0.10,0.14
2012,Armenia,0.58,1.08
2012,Aruba,1.33,0.18
2012,Australia,0.17,0.46
2012,Austria,0.75,0.11
2012,Azerbaijan,0.86,3.46
2012,Bangladesh,2.13,0.10
2012,Belarus,0.32,0.50
2012,Belgium,0.02,0.11
2012,Belize,1.21,14.00
2012,Bermuda,0.00,0.01
2012,Bolivia,0.49,1.14
2012,Bosnia Herzegovina,1.16,138.33
2012,Brazil,0.18,0.35
2012,Bulgaria,0.37,0.35
2012,Burkina Faso,2.88,0.02
2012,Cabo Verde,0.59,0.03
2012,Cambodia,3.75,0.25
2012,Cameroon,0.90,0.21
2012,Canada,0.23,0.14
2012,Central African Republic (the),1.54,5.00
2012,Chad,3.52,0.04
2012,Chile,0.15,0.07
2012,China,0.93,0.11
2012,Colombia,0.27,0.01
2012,Congo (the),0.56,1.38
2012,Congo (the Democratic Republic of the),1.43,15.00
2012,Costa Rica,0.35,0.01
2012,Cote d'Ivoire,1.08,0.16
2012,Croatia,0.80,0.16
2012,Cuba,0.30,0.01
2012,Cyprus,0.49,0.01
2012,Czechia,0.37,0.28
2012,Denmark,0.15,0.02
2012,Dominica,0.46,0.25
2012,Dominican Republic (the),0.32,0.05
2012,Ecuador,0.59,0.01
2012,Egypt,1.33,0.02
2012,El Salvador,0.49,0.15
2012,Equatorial Guinea,0.45,8.00
2012,Estonia,0.47,0.31
2012,Eswatini,3.38,12.00
2012,Ethiopia,4.51,0.50
2012,Faroe Islands (the),1.43,0.06
2012,Fiji,0.88,0.03
2012,Finland,0.18,0.10
2012,France,0.27,0.04
2012,French Polynesia,0.63,0.02
2012,Gabon,0.15,0.03
2012,Georgia,0.78,2.89
2012,Germany,0.30,0.88
2012,Ghana,0.92,0.01
2012,Greece,0.30,0.04
2012,Greenland,0.17,3.09
2012,Guatemala,1.04,0.21
2012,Guinea,1.92,2.04
2012,Guyana,2.79,0.02
2012,Haiti,1.02,0.25
2012,Honduras,0.88,3.40
2012,Hong Kong,0.00,0.05
2012,Hungary,0.44,0.02
2012,India,2.16,0.21
2012,Indonesia,0.95,0.33
2012,Iran (Islamic Republic of),0.39,0.05
2012,Iraq,0.44,0.43
2012,Ireland,0.61,0.16
2012,Israel,0.09,0.01
2012,Italy,0.46,0.23
2012,Jamaica,0.85,0.03
2012,Japan,0.10,0.26
2012,Jordan,0.13,0.02
2012,Kazakhstan,0.76,10.61
2012,Kenya,3.10,0.01
2012,Korea (the Democratic People's Republic of),0.65,24.29
2012,Kyrgyzstan,1.82,175.50
2012,Latvia,0.47,0.05
2012,Lebanon,0.14,0.06
2012,Lithuania,0.50,0.50
2012,Luxembourg,0.12,0.67
2012,Macao,0.00,0.70
2012,Madagascar,2.01,0.25
2012,Malawi,5.32,0.08
2012,Malaysia,0.38,0.22
2012,Mali,1.66,0.03
2012,Malta,0.06,0.01
2012,Mauritania,1.07,0.17
2012,Mauritius,1.42,0.07
2012,Mexico,0.28,0.01
2012,Moldova,1.35,13.50
2012,Mongolia,0.47,0.04
2012,Montenegro,0.54,1.08
2012,Morocco,0.69,0.12
2012,Mozambique,2.04,135.09
2012,Myanmar,2.42,3.80
2012,Namibia,1.29,0.50
2012,Nepal,4.73,0.50
2012,Netherlands,0.13,0.03
2012,New Caledonia,0.47,0.11
2012,New Zealand,0.16,1.29
2012,Nicaragua,0.74,0.14
2012,Nigeria,1.21,0.25
2012,North Macedonia,0.75,11.56
2012,Norway,0.25,8.25
2012,Pakistan,1.82,0.17
2012,Panama,0.52,0.04
2012,Papua New Guinea,6.70,0.80
2012,Peru,0.30,0.06
2012,Philippines (the),1.19,0.02
2012,Poland,0.65,0.54
2012,Portugal,0.62,0.06
2012,Puerto Rico,0.07,0.01
2012,Romania,0.85,0.02
2012,Russian Federation (the),0.36,0.02
2012,Rwanda,4.90,18.00
2012,Saint Kitts and Nevis,2.22,0.05
2012,Saint Vincent and the Grenadines,1.01,0.25
2012,Samoa,4.10,0.57
2012,Sao Tome and Principe,0.49,0.14
2012,Senegal,1.24,0.36
2012,Serbia,0.81,0.11
2012,Sierra Leone,1.52,2.00
2012,Singapore,0.00,0.21
2012,Slovakia,0.84,0.01
2012,Slovenia,0.88,8.00
2012,South Africa,0.58,0.02
2012,South Korea,0.22,0.05
2012,Spain,0.27,0.29
2012,Sri Lanka,4.50,0.01
2012,Sudan (the),2.00,0.04
2012,Suriname,0.51,41.00
2012,Sweden,0.17,0.04
2012,Switzerland,0.36,0.10
2012,Syrian Arab Republic (the),0.87,0.27
2012,Tajikistan,2.77,241.43
2012,"Tanzania, the United Republic of",2.39,0.01
2012,Thailand,1.20,0.01
2012,Togo,1.59,1.13
2012,Tunisia,0.49,0.01
2012,Turkey,0.39,0.33
2012,Uganda,3.90,0.10
2012,Ukraine,0.45,0.12
2012,United Kingdom,0.22,0.15
2012,United States of America,0.23,0.11
2012,Uruguay,0.06,11.00
2012,Uzbekistan,0.96,17.05
2012,Venezuela (Bolivarian Republic of),0.13,4.18
2012,Viet Nam,2.15,0.09
2012,Zambia,1.48,617.50
2012,Zimbabwe,2.05,2.40
2013,Afghanistan,3.10,0.30
2013,Algeria,0.44,0.37
2013,Angola,0.61,1.38
2013,Argentina,0.10,0.01
2013,Armenia,0.58,0.99
2013,Aruba,1.33,0.19
2013,Australia,0.17,0.57
2013,Austria,0.74,0.20
2013,Azerbaijan,0.85,2.25
2013,Bangladesh,2.05,0.11
2013,Belarus,0.31,0.50
2013,Belgium,0.02,0.13
2013,Belize,1.21,4.50
2013,Bermuda,0.00,0.01
2013,Bolivia,0.48,2.17
2013,Bosnia Herzegovina,1.15,181.00
2013,Brazil,0.17,0.43
2013,Bulgaria,0.36,0.52
2013,Burkina Faso,2.80,0.02
2013,Burundi,7.71,0.50
2013,Cabo Verde,0.58,0.03
2013,Cambodia,3.67,0.06
2013,Cameroon,0.87,0.08
2013,Canada,0.23,0.23
2013,Chad,3.49,0.04
2013,Chile,0.15,0.10
2013,China,0.89,0.25
2013,Colombia,0.26,0.01
2013,Congo (the),0.55,1.30
2013,Congo (the Democratic Republic of the),1.40,16.00
2013,Costa Rica,0.33,0.02
2013,Cote d'Ivoire,1.06,0.35
2013,Croatia,0.80,0.05
2013,Cuba,0.30,0.01
2013,Cyprus,0.49,0.01
2013,Czechia,0.36,0.24
2013,Denmark,0.15,0.01
2013,Dominica,0.45,0.36
2013,Dominican Republic (the),0.30,0.08
2013,Ecuador,0.58,0.01
2013,Egypt,1.33,0.06
2013,El Salvador,0.47,0.18
2013,Equatorial Guinea,0.44,25.00
2013,Estonia,0.47,3.00
2013,Eswatini,3.35,12.50
2013,Ethiopia,4.38,1.00
2013,Faroe Islands (the),1.42,0.11
2013,Fiji,0.86,0.13
2013,Finland,0.17,0.17
2013,France,0.26,0.04
2013,French Polynesia,0.62,0.04
2013,Gabon,0.15,0.03
2013,Georgia,0.76,4.58
2013,Germany,0.30,0.91
2013,Ghana,0.90,0.01
2013,Greece,0.29,0.05
2013,Greenland,0.17,4.11
2013,Guatemala,1.03,0.14
2013,Guinea,1.89,2.82
2013,Guyana,2.79,0.02
2013,Haiti,0.98,0.15
2013,Honduras,0.86,3.10
2013,Hong Kong,0.00,0.25
2013,Hungary,0.43,0.07
2013,India,2.12,0.32
2013,Indonesia,0.92,0.45
2013,Iran (Islamic Republic of),0.38,0.04
2013,Iraq,0.44,0.38
2013,Ireland,0.61,0.20
2013,Israel,0.09,0.01
2013,Italy,0.45,0.28
2013,Jamaica,0.84,0.03
2013,Japan,0.10,0.35
2013,Jordan,0.12,0.01
2013,Kazakhstan,0.75,14.31
2013,Kenya,3.03,0.01
2013,Korea (the Democratic People's Republic of),0.64,0.02
2013,Kyrgyzstan,1.82,433.33
2013,Latvia,0.47,0.04
2013,Lebanon,0.14,0.07
2013,Lithuania,0.49,0.11
2013,Luxembourg,0.12,1.17
2013,Macao,0.00,1.41
2013,Madagascar,1.95,0.13
2013,Malawi,5.26,0.08
2013,Malaysia,0.37,0.05
2013,Mali,1.60,0.03
2013,Malta,0.06,0.01
2013,Mauritania,1.03,0.01
2013,Mauritius,1.43,0.08
2013,Mexico,0.27,0.01
2013,Moldova,1.35,15.50
2013,Mongolia,0.47,0.04
2013,Montenegro,0.54,1.74
2013,Morocco,0.68,0.29
2013,Mozambique,2.00,69.81
2013,Myanmar,2.39,0.17
2013,Namibia,1.23,1.00
2013,Nepal,4.61,2.00
2013,Netherlands,0.12,0.04
2013,New Caledonia,0.46,0.08
2013,New Zealand,0.16,0.02
2013,Nicaragua,0.74,0.23
2013,Nigeria,1.17,0.23
2013,North Macedonia,0.75,0.09
2013,Norway,0.25,10.00
2013,Pakistan,1.81,0.88
2013,Panama,0.51,0.04
2013,Papua New Guinea,6.71,0.04
2013,Peru,0.30,0.26
2013,Philippines (the),1.18,0.02
2013,Poland,0.65,0.65
2013,Portugal,0.60,0.11
2013,Puerto Rico,0.07,0.01
2013,Romania,0.85,1.14
2013,Russian Federation (the),0.35,0.04
2013,Rwanda,4.90,15.00
2013,Saint Kitts and Nevis,2.23,0.05
2013,Saint Vincent and the Grenadines,0.99,0.17
2013,Samoa,4.16,0.33
2013,Sao Tome and Principe,0.47,0.17
2013,Senegal,1.22,0.40
2013,Serbia,0.80,0.50
2013,Seychelles,0.83,0.02
2013,Sierra Leone,1.50,1.67
2013,Singapore,0.00,0.75
2013,Slovakia,0.85,0.01
2013,Slovenia,0.88,22.00
2013,South Africa,0.57,0.01
2013,South Korea,0.22,0.06
2013,Spain,0.26,0.37
2013,Sri Lanka,4.50,0.01
2013,Sudan (the),1.98,0.01
2013,Suriname,0.51,41.50
2013,Sweden,0.16,0.06
2013,Switzerland,0.36,0.12
2013,Syrian Arab Republic (the),0.90,0.43
2013,Tajikistan,2.76,426.75
2013,"Tanzania, the United Republic of",2.31,0.01
2013,Thailand,1.16,0.25
2013,Togo,1.56,0.57
2013,Tunisia,0.48,0.11
2013,Turkey,0.38,0.43
2013,Ukraine,0.45,0.09
2013,United Kingdom,0.22,0.24
2013,United States of America,0.23,0.22
2013,Uruguay,0.05,0.08
2013,Uzbekistan,0.96,20.36
2013,Vanuatu,3.04,0.17
2013,Venezuela (Bolivarian Republic of),0.13,4.51
2013,Viet Nam,2.08,0.01
2013,Zambia,1.45,664.00
2013,Zimbabwe,2.06,2.17
2014,Afghanistan,3.07,0.60
2014,Algeria,0.42,0.37
2014,Angola,0.59,0.01
2014,Argentina,0.09,0.01
2014,Armenia,0.58,0.87
2014,Aruba,1.32,0.01
2014,Australia,0.17,0.59
2014,Austria,0.74,0.27
2014,Azerbaijan,0.84,1.60
2014,Bangladesh,1.98,0.15
2014,Barbados,2.19,0.50
2014,Belarus,0.30,0.33
2014,Belgium,0.02,0.14
2014,Belize,1.21,7.00
2014,Bermuda,0.00,0.02
2014,Bolivia,0.47,0.13
2014,Bosnia Herzegovina,1.13,0.33
2014,Brazil,0.17,0.79
2014,Bulgaria,0.36,0.95
2014,Burkina Faso,2.71,0.01
2014,Burundi,7.49,0.33
2014,Cabo Verde,0.57,0.03
2014,Cambodia,3.59,0.03
2014,Cameroon,0.85,0.01
2014,Canada,0.23,0.45
2014,Chad,3.47,0.03
2014,Chile,0.15,0.12
2014,China,0.84,0.66
2014,Colombia,0.26,0.03
2014,Congo (the),0.54,1.19
2014,Congo (the Democratic Republic of the),1.37,16.00
2014,Costa Rica,0.32,0.02
2014,Cote d'Ivoire,1.04,0.14
2014,Croatia,0.79,0.33
2014,Cuba,0.30,0.01
2014,Cyprus,0.49,0.01
2014,Czechia,0.36,0.26
2014,Denmark,0.14,0.02
2014,Dominica,0.44,0.25
2014,Dominican Republic (the),0.29,0.01
2014,Ecuador,0.58,0.01
2014,Egypt,1.33,0.03
2014,El Salvador,0.45,0.01
2014,Equatorial Guinea,0.43,38.00
2014,Estonia,0.46,3.00
2014,Eswatini,3.32,11.50
2014,Faroe Islands (the),1.41,0.27
2014,Fiji,0.84,0.09
2014,Finland,0.17,0.23
2014,France,0.26,0.05
2014,French Polynesia,0.62,0.06
2014,Gabon,0.14,0.04
2014,Georgia,0.75,4.04
2014,Germany,0.30,0.79
2014,Ghana,0.87,0.01
2014,Greece,0.29,0.04
2014,Greenland,0.17,4.33
2014,Guatemala,1.01,0.01
2014,Guinea,1.87,1.45
2014,Guyana,2.79,0.02
2014,Haiti,0.94,0.10
2014,Honduras,0.83,0.08
2014,Hong Kong,0.00,0.21
2014,Hungary,0.42,0.20
2014,India,2.09,0.43
2014,Indonesia,0.90,0.40
2014,Iran (Islamic Republic of),0.37,0.09
2014,Iraq,0.43,0.19
2014,Ireland,0.60,0.19
2014,Israel,0.09,0.03
2014,Italy,0.44,0.32
2014,Jamaica,0.83,0.03
2014,Japan,0.10,0.04
2014,Jordan,0.11,0.01
2014,Kazakhstan,0.75,0.01
2014,Kenya,2.96,0.01
2014,Korea (the Democratic People's Republic of),0.64,0.02
2014,Kyrgyzstan,1.81,164.50
2014,Latvia,0.47,0.06
2014,Lebanon,0.14,0.01
2014,Lithuania,0.49,0.16
2014,Luxembourg,0.11,1.33
2014,Macao,0.00,2.00
2014,Madagascar,1.90,0.11
2014,Malawi,5.20,0.17
2014,Malaysia,0.36,0.07
2014,Maldives,1.62,0.02
2014,Mali,1.55,0.03
2014,Malta,0.06,0.03
2014,Mauritania,0.99,0.01
2014,Mauritius,1.43,0.03
2014,Mexico,0.27,0.02
2014,Moldova,1.35,1.00
2014,Mongolia,0.47,0.04
2014,Montenegro,0.53,1.23
2014,Morocco,0.66,0.75
2014,Mozambique,1.95,1618.00
2014,Myanmar,2.37,0.17
2014,Namibia,1.18,3.00
2014,Netherlands,0.11,0.03
2014,New Caledonia,0.45,0.08
2014,New Zealand,0.16,0.03
2014,Nicaragua,0.73,0.19
2014,Nigeria,1.13,0.20
2014,Niger (the),5.17,0.05
2014,North Macedonia,0.75,0.07
2014,Norway,0.24,6.25
2014,Pakistan,1.79,1.71
2014,Panama,0.51,0.01
2014,Papua New Guinea,6.70,0.03
2014,Paraguay,0.65,14.00
2014,Peru,0.30,0.61
2014,Philippines (the),1.17,0.03
2014,Poland,0.66,0.60
2014,Portugal,0.59,0.14
2014,Puerto Rico,0.07,0.01
2014,Romania,0.86,1.92
2014,Russian Federation (the),0.35,0.01
2014,Rwanda,4.89,10.00
2014,Saint Kitts and Nevis,2.24,0.05
2014,Saint Vincent and the Grenadines,0.98,0.08
2014,Samoa,4.22,0.30
2014,Sao Tome and Principe,0.44,0.14
2014,Senegal,1.20,3.50
2014,Serbia,0.80,0.20
2014,Seychelles,0.82,0.02
2014,Sierra Leone,1.47,4.00
2014,Singapore,0.00,3.94
2014,Slovakia,0.85,0.01
2014,Slovenia,0.87,5.00
2014,South Africa,0.55,0.11
2014,South Korea,0.22,0.08
2014,Spain,0.26,0.34
2014,Sri Lanka,4.49,0.01
2014,Sudan (the),1.97,0.05
2014,Suriname,0.51,55.00
2014,Sweden,0.16,0.14
2014,Switzerland,0.36,0.20
2014,Syrian Arab Republic (the),0.94,0.01
2014,Tajikistan,2.75,100.00
2014,"Tanzania, the United Republic of",2.24,0.02
2014,Thailand,1.13,0.24
2014,Togo,1.53,2.40
2014,Tunisia,0.48,0.09
2014,Turkey,0.37,0.01
2014,Uganda,3.65,0.33
2014,Ukraine,0.45,0.12
2014,United Kingdom,0.21,0.47
2014,United States of America,0.23,0.44
2014,Uruguay,0.05,1.07
2014,Uzbekistan,0.97,30.35
2014,Vanuatu,3.02,0.17
2014,Venezuela (Bolivarian Republic of),0.13,0.01
2014,Viet Nam,2.02,0.01
2014,Virgin Islands (U.S.),0.05,0.01
2014,Zambia,1.42,0.17
2014,Zimbabwe,2.08,0.50
2015,Afghanistan,3.03,0.60
2015,Algeria,0.41,0.02
2015,Angola,0.58,0.01
2015,Antigua and Barbuda,3.00,0.03
2015,Argentina,0.09,0.25
2015,Armenia,0.59,0.85
2015,Aruba,1.32,0.01
2015,Australia,0.17,0.59
2015,Austria,0.73,0.32
2015,Azerbaijan,0.83,0.06
2015,Bangladesh,1.91,0.01
2015,Barbados,2.20,0.50
2015,Belarus,0.30,0.25
2015,Belgium,0.02,0.15
2015,Belize,1.20,9.00
2015,Bermuda,0.00,0.02
2015,Bolivia,0.46,0.11
2015,Bosnia Herzegovina,1.12,0.33
2015,Brazil,0.17,1.47
2015,Bulgaria,0.35,1.42
2015,Burkina Faso,2.63,0.01
2015,Burundi,7.28,0.33
2015,Cabo Verde,0.56,0.03
2015,Cambodia,3.51,0.09
2015,Cameroon,0.83,0.01
2015,Canada,0.23,0.58
2015,Chad,3.44,0.03
2015,Chile,0.14,0.39
2015,China,0.80,1.08
2015,Colombia,0.25,0.02
2015,Congo (the),0.53,4.54
2015,Congo (the Democratic Republic of the),1.34,17.00
2015,Costa Rica,0.30,0.27
2015,Cote d'Ivoire,1.02,0.22
2015,Croatia,0.78,0.29
2015,Cuba,0.30,0.01
2015,Cyprus,0.49,0.01
2015,Czechia,0.36,0.25
2015,Denmark,0.14,0.02
2015,Dominica,0.44,0.15
2015,Dominican Republic (the),0.27,0.01
2015,Ecuador,0.58,0.01
2015,Egypt,1.34,0.05
2015,El Salvador,0.43,0.01
2015,Equatorial Guinea,0.42,47.00
2015,Estonia,0.46,0.50
2015,Eswatini,3.29,6.00
2015,Faroe Islands (the),1.40,0.46
2015,Fiji,0.83,0.02
2015,Finland,0.17,0.52
2015,France,0.26,0.05
2015,French Polynesia,0.62,0.06
2015,Gabon,0.13,0.05
2015,Georgia,0.74,3.52
2015,Germany,0.30,0.01
2015,Ghana,0.85,0.02
2015,Greece,0.28,0.05
2015,Greenland,0.16,4.67
2015,Guam,0.06,0.02
2015,Guatemala,1.00,0.08
2015,Guinea,1.85,0.08
2015,Guyana,2.78,0.03
2015,Haiti,0.91,0.08
2015,Honduras,0.81,4.89
2015,Hong Kong,0.00,0.30
2015,Hungary,0.42,0.37
2015,India,2.05,0.71
2015,Indonesia,0.88,0.32
2015,Iran (Islamic Republic of),0.36,0.04
2015,Iraq,0.43,0.12
2015,Ireland,0.60,0.16
2015,Israel,0.08,0.01
2015,Italy,0.44,0.37
2015,Jamaica,0.82,0.03
2015,Japan,0.09,1.15
2015,Jordan,0.11,0.01
2015,Kazakhstan,0.75,0.03
2015,Kenya,2.90,0.05
2015,Korea (the Democratic People's Republic of),0.63,0.04
2015,Kyrgyzstan,1.80,274.75
2015,Lao People's Democratic Republic (the),2.02,6.15
2015,Latvia,0.47,0.05
2015,Lebanon,0.13,0.03
2015,Lithuania,0.49,0.12
2015,Luxembourg,0.11,1.43
2015,Macao,0.00,0.27
2015,Madagascar,1.84,0.25
2015,Malawi,5.13,0.23
2015,Malaysia,0.35,0.16
2015,Maldives,1.60,0.02
2015,Mali,1.50,0.02
2015,Malta,0.06,0.01
2015,Mauritania,0.96,0.04
2015,Mauritius,1.44,0.03
2015,Mexico,0.26,0.02
2015,Moldova,1.35,1.00
2015,Mongolia,0.47,0.04
2015,Montenegro,0.52,0.99
2015,Morocco,0.64,1.03
2015,Mozambique,1.91,854.50
2015,Myanmar,2.35,0.60
2015,Namibia,1.13,4.00
2015,Netherlands,0.11,0.02
2015,New Caledonia,0.44,0.01
2015,New Zealand,0.16,0.06
2015,Nicaragua,0.73,0.13
2015,Nigeria,1.09,0.24
2015,Niger (the),5.15,0.05
2015,North Macedonia,0.74,0.14
2015,Norway,0.23,6.25
2015,Pakistan,1.78,2.53
2015,"Palestine, State of",0.33,0.02
2015,Panama,0.50,0.03
2015,Papua New Guinea,6.69,0.03
2015,Peru,0.29,0.56
2015,Philippines (the),1.16,0.02
2015,Poland,0.66,0.01
2015,Portugal,0.57,0.13
2015,Puerto Rico,0.07,0.02
2015,Romania,0.86,1.68
2015,Russian Federation (the),0.35,0.01
2015,Rwanda,4.88,0.50
2015,Saint Kitts and Nevis,2.24,0.05
2015,Saint Vincent and the Grenadines,0.96,0.15
2015,Samoa,4.29,0.11
2015,Sao Tome and Principe,0.43,0.11
2015,Senegal,1.18,0.88
2015,Serbia,0.80,0.10
2015,Seychelles,0.81,0.02
2015,Sierra Leone,1.45,3.00
2015,Singapore,0.00,4.42
2015,Slovakia,0.86,0.01
2015,Slovenia,0.86,0.50
2015,South Africa,0.54,0.08
2015,South Korea,0.22,0.11
2015,Spain,0.26,0.30
2015,Sri Lanka,4.48,0.01
2015,Sudan (the),1.95,0.02
2015,Suriname,0.51,1.00
2015,Sweden,0.16,0.26
2015,Switzerland,0.36,0.17
2015,Syrian Arab Republic (the),0.92,0.01
2015,Tajikistan,2.74,106.25
2015,"Tanzania, the United Republic of",2.16,0.01
2015,Thailand,1.10,0.36
2015,Togo,1.49,0.33
2015,Trinidad and Tobago,0.88,0.50
2015,Tunisia,0.47,0.07
2015,Turkey,0.36,0.07
2015,Uganda,3.53,0.38
2015,Ukraine,0.45,0.06
2015,United Kingdom,0.21,0.67
2015,United States of America,0.22,0.43
2015,Uruguay,0.05,0.05
2015,Uzbekistan,0.97,45.47
2015,Vanuatu,3.01,0.20
2015,Venezuela (Bolivarian Republic of),0.13,3.77
2015,Viet Nam,1.96,0.01
2015,Virgin Islands (U.S.),0.05,0.01
2015,Yemen,1.88,0.05
2015,Zambia,1.39,0.18
2015,Zimbabwe,2.09,1.00
2016,Afghanistan,3.00,0.67
2016,Algeria,0.40,0.03
2016,Angola,0.56,0.01
2016,Argentina,0.09,0.01
2016,Armenia,0.59,1.06
2016,Aruba,1.32,0.01
2016,Australia,0.17,0.60
2016,Austria,0.73,0.54
2016,Azerbaijan,0.82,0.01
2016,Bangladesh,1.85,0.01
2016,Barbados,2.21,1.00
2016,Belarus,0.29,1.00
2016,Belgium,0.02,0.95
2016,Belize,1.20,5.00
2016,Bermuda,0.00,0.02
2016,Bolivia,0.45,0.10
2016,Bosnia Herzegovina,1.10,1.00
2016,Brazil,0.16,0.01
2016,Bulgaria,0.35,1.21
2016,Burkina Faso,2.55,0.02
2016,Burundi,7.07,0.50
2016,Cabo Verde,0.54,0.03
2016,Cambodia,3.43,0.08
2016,Cameroon,0.81,0.01
2016,Canada,0.23,0.83
2016,Chad,3.41,0.03
2016,Chile,0.14,0.84
2016,China,0.76,1.18
2016,Colombia,0.25,0.01
2016,Congo (the),0.52,6.22
2016,Congo (the Democratic Republic of the),1.31,17.00
2016,Costa Rica,0.29,0.16
2016,Cote d'Ivoire,1.00,2.43
2016,Croatia,0.77,1.40
2016,Cuba,0.30,0.01
2016,Cyprus,0.50,0.01
2016,Czechia,0.36,0.18
2016,Denmark,0.14,0.02
2016,Dominica,0.43,0.33
2016,Dominican Republic (the),0.26,0.03
2016,Ecuador,0.57,0.02
2016,Egypt,1.34,0.01
2016,El Salvador,0.42,0.02
2016,Equatorial Guinea,0.41,47.00
2016,Estonia,0.46,0.14
2016,Eswatini,3.26,4.00
2016,Faroe Islands (the),1.39,0.31
2016,Fiji,0.81,0.02
2016,Finland,0.17,0.01
2016,France,0.25,0.06
2016,French Polynesia,0.62,0.06
2016,Gabon,0.13,0.05
2016,Georgia,0.73,0.50
2016,Germany,0.29,0.01
2016,Ghana,0.83,0.01
2016,Greece,0.28,0.05
2016,Greenland,0.16,5.00
2016,Guam,0.06,0.04
2016,Guatemala,0.99,0.19
2016,Guinea,1.82,0.04
2016,Guyana,2.78,0.02
2016,Haiti,0.87,0.07
2016,Honduras,0.79,14.50
2016,Hong Kong,0.00,0.39
2016,Hungary,0.41,0.51
2016,India,2.01,1.23
2016,Indonesia,0.85,0.49
2016,Iran (Islamic Republic of),0.35,0.04
2016,Iraq,0.43,0.16
2016,Ireland,0.59,0.26
2016,Israel,0.08,0.15
2016,Italy,0.43,0.39
2016,Jamaica,0.81,0.20
2016,Japan,0.09,0.30
2016,Jordan,0.10,0.02
2016,Kazakhstan,0.75,0.03
2016,Kenya,2.83,0.06
2016,Korea (the Democratic People's Republic of),0.63,0.04
2016,Kyrgyzstan,1.78,569.00
2016,Lao People's Democratic Republic (the),1.96,2.20
2016,Latvia,0.47,0.04
2016,Lebanon,0.13,0.02
2016,Lithuania,0.48,0.13
2016,Luxembourg,0.11,1.43
2016,Macao,0.00,0.25
2016,Madagascar,1.79,0.25
2016,Malawi,5.06,0.23
2016,Malaysia,0.34,0.26
2016,Maldives,1.57,0.02
2016,Mali,1.45,0.02
2016,Malta,0.06,0.01
2016,Mauritania,0.92,0.07
2016,Mauritius,1.44,0.02
2016,Mexico,0.26,0.02
2016,Moldova,1.35,0.50
2016,Mongolia,0.46,0.05
2016,Montenegro,0.51,1.42
2016,Morocco,0.63,0.14
2016,Mozambique,1.86,36.28
2016,Myanmar,2.32,5.00
2016,Namibia,1.09,6.00
2016,Netherlands,0.10,0.03
2016,New Caledonia,0.43,0.01
2016,New Zealand,0.16,0.14
2016,Nicaragua,0.72,0.20
2016,Nigeria,1.05,0.29
2016,Niger (the),5.14,0.05
2016,North Macedonia,0.74,0.20
2016,Norway,0.23,5.75
2016,Pakistan,1.76,1.10
2016,"Palestine, State of",0.32,0.08
2016,Panama,0.49,0.05
2016,Papua New Guinea,6.66,0.02
2016,Peru,0.29,0.24
2016,Philippines (the),1.15,0.13
2016,Poland,0.66,0.02
2016,Portugal,0.56,0.11
2016,Puerto Rico,0.07,0.02
2016,Romania,0.86,1.23
2016,Russian Federation (the),0.35,0.01
2016,Rwanda,4.86,2.00
2016,Saint Kitts and Nevis,2.25,0.05
2016,Saint Vincent and the Grenadines,0.95,0.14
2016,Samoa,4.35,0.20
2016,Sao Tome and Principe,0.41,0.10
2016,Senegal,1.16,0.13
2016,Serbia,0.79,0.08
2016,Seychelles,0.79,0.02
2016,Sierra Leone,1.43,1.63
2016,Singapore,0.00,0.25
2016,Slovakia,0.86,0.01
2016,Slovenia,0.85,0.50
2016,Somalia,1.28,0.03
2016,South Africa,0.53,11.00
2016,South Korea,0.23,0.10
2016,Spain,0.25,0.31
2016,Sri Lanka,4.46,0.01
2016,Sudan (the),1.93,0.02
2016,Suriname,0.51,1.00
2016,Sweden,0.15,0.54
2016,Switzerland,0.36,0.13
2016,Syrian Arab Republic (the),0.89,0.14
2016,Tajikistan,2.72,27.26
2016,"Tanzania, the United Republic of",2.09,0.12
2016,Thailand,1.06,0.78
2016,Togo,1.46,6.67
2016,Trinidad and Tobago,0.88,0.33
2016,Tunisia,0.46,1.25
2016,Turkey,0.35,0.39
2016,Uganda,3.42,0.57
2016,Ukraine,0.45,0.04
2016,United Kingdom,0.21,0.50
2016,United States of America,0.22,0.49
2016,Uruguay,0.05,0.34
2016,Uzbekistan,0.97,45.73
2016,Vanuatu,2.99,0.17
2016,Venezuela (Bolivarian Republic of),0.13,0.01
2016,Viet Nam,1.90,0.01
2016,Virgin Islands (U.S.),0.05,0.01
2016,Yemen,1.83,0.10
2016,Zambia,1.36,0.24
2016,Zimbabwe,2.10,0.25
2017,Afghanistan,2.96,0.67
2017,Algeria,0.39,0.03
2017,Angola,0.54,0.50
2017,Antigua and Barbuda,3.05,0.03
2017,Argentina,0.09,0.01
2017,Armenia,0.58,0.93
2017,Aruba,1.31,0.01
2017,Australia,0.16,0.64
2017,Austria,0.72,0.72
2017,Azerbaijan,0.81,0.02
2017,Bangladesh,1.79,0.01
2017,Barbados,2.21,1.00
2017,Belarus,0.28,3.00
2017,Belgium,0.02,0.06
2017,Belize,1.19,5.50
2017,Bermuda,0.00,0.02
2017,Bolivia,0.45,0.11
2017,Bosnia Herzegovina,1.09,0.50
2017,Brazil,0.16,0.05
2017,Bulgaria,0.34,1.29
2017,Burkina Faso,2.48,0.03
2017,Burundi,6.87,0.14
2017,Cabo Verde,0.53,0.03
2017,Cambodia,3.35,0.10
2017,Cameroon,0.79,0.02
2017,Canada,0.23,0.91
2017,Cayman Islands (the),0.00,0.01
2017,Chad,3.37,0.03
2017,Chile,0.14,0.03
2017,China,0.73,1.42
2017,Colombia,0.24,0.63
2017,Congo (the),0.50,10.82
2017,Congo (the Democratic Republic of the),1.28,1.00
2017,Costa Rica,0.27,1.00
2017,Cote d'Ivoire,0.99,0.13
2017,Croatia,0.76,0.42
2017,Cuba,0.30,0.01
2017,Cyprus,0.50,0.01
2017,Czechia,0.36,0.22
2017,Denmark,0.14,0.02
2017,Dominica,0.42,0.30
2017,Dominican Republic (the),0.25,0.06
2017,Ecuador,0.57,0.02
2017,Egypt,1.34,0.02
2017,El Salvador,0.40,0.14
2017,Equatorial Guinea,0.40,44.00
2017,Eritrea,1.53,0.03
2017,Estonia,0.46,0.50
2017,Eswatini,3.23,10.00
2017,Faroe Islands (the),1.39,0.38
2017,Fiji,0.79,0.02
2017,Finland,0.17,0.02
2017,France,0.25,0.05
2017,French Polynesia,0.62,0.09
2017,Gabon,0.12,0.05
2017,Georgia,0.72,4.50
2017,Germany,0.29,0.01
2017,Ghana,0.80,0.01
2017,Greece,0.27,0.06
2017,Greenland,0.16,3.17
2017,Guam,0.06,0.04
2017,Guatemala,0.97,0.45
2017,Guinea,1.79,0.04
2017,Guyana,2.77,0.01
2017,Haiti,0.84,0.14
2017,Honduras,0.77,0.02
2017,Hong Kong,0.00,0.02
2017,Hungary,0.41,0.41
2017,India,1.98,2.45
2017,Indonesia,0.83,0.61
2017,Iran (Islamic Republic of),0.34,0.03
2017,Iraq,0.42,0.06
2017,Ireland,0.59,0.28
2017,Israel,0.08,0.20
2017,Italy,0.43,0.41
2017,Jamaica,0.81,0.05
2017,Japan,0.09,0.21
2017,Jordan,0.10,0.01
2017,Kazakhstan,0.74,0.08
2017,Kenya,2.76,0.03
2017,Korea (the Democratic People's Republic of),0.62,0.06
2017,Kyrgyzstan,1.77,468.67
2017,Lao People's Democratic Republic (the),1.91,1.84
2017,Latvia,0.47,0.07
2017,Lebanon,0.13,0.02
2017,Lithuania,0.48,0.16
2017,Luxembourg,0.10,1.13
2017,Macao,0.00,0.36
2017,Madagascar,1.74,0.17
2017,Malaysia,0.33,0.19
2017,Maldives,1.54,0.03
2017,Mali,1.41,0.02
2017,Malta,0.06,0.05
2017,Mauritania,0.89,0.06
2017,Mauritius,1.45,0.01
2017,Mexico,0.25,0.11
2017,Moldova,1.35,0.50
2017,Mongolia,0.46,0.11
2017,Montenegro,0.50,0.07
2017,Morocco,0.62,0.01
2017,Mozambique,1.82,0.22
2017,Myanmar,2.30,0.86
2017,Namibia,1.04,1.57
2017,Netherlands,0.10,0.02
2017,New Caledonia,0.42,0.02
2017,New Zealand,0.16,0.14
2017,Nicaragua,0.72,0.01
2017,Nigeria,1.02,0.32
2017,Niger (the),5.12,0.05
2017,North Macedonia,0.73,0.22
2017,Norway,0.22,6.50
2017,Oman,0.20,0.02
2017,Pakistan,1.74,0.11
2017,"Palestine, State of",0.32,0.10
2017,Panama,0.48,0.18
2017,Papua New Guinea,6.63,0.02
2017,Peru,0.29,0.38
2017,Philippines (the),1.14,0.26
2017,Poland,0.66,0.04
2017,Portugal,0.55,0.15
2017,Puerto Rico,0.07,0.02
2017,Romania,0.85,1.77
2017,Russian Federation (the),0.35,0.01
2017,Rwanda,4.84,1.00
2017,Saint Vincent and the Grenadines,0.93,0.15
2017,Samoa,4.42,0.18
2017,Senegal,1.14,1.33
2017,Serbia,0.79,0.07
2017,Seychelles,0.78,0.02
2017,Sierra Leone,1.40,0.11
2017,Singapore,0.00,0.32
2017,Slovakia,0.86,0.01
2017,Slovenia,0.84,0.50
2017,Somalia,1.25,0.03
2017,South Africa,0.52,3.25
2017,South Korea,0.23,0.21
2017,Spain,0.25,0.35
2017,Sri Lanka,4.44,0.01
2017,Sudan (the),1.91,0.02
2017,Suriname,0.51,1.00
2017,Sweden,0.15,0.72
2017,Switzerland,0.36,0.18
2017,Syrian Arab Republic (the),0.87,0.11
2017,Tajikistan,2.71,17.48
2017,"Tanzania, the United Republic of",2.03,0.14
2017,Thailand,1.03,3.36
2017,Togo,1.43,1.62
2017,Tonga,3.32,0.17
2017,Trinidad and Tobago,0.88,0.33
2017,Tunisia,0.46,0.07
2017,Turkey,0.34,1.01
2017,Uganda,3.31,0.86
2017,Ukraine,0.44,0.07
2017,United Arab Emirates,0.16,0.01
2017,United Kingdom,0.20,0.61
2017,United States of America,0.22,0.50
2017,Uruguay,0.05,9.00
2017,Uzbekistan,0.98,0.06
2017,Venezuela (Bolivarian Republic of),0.13,0.01
2017,Viet Nam,1.84,0.07
2017,Virgin Islands (U.S.),0.05,0.02
2017,Yemen,1.78,0.20
2017,Zambia,1.33,0.11
2017,Zimbabwe,2.10,0.25
2018,Afghanistan,2.92,0.50
2018,Algeria,0.38,0.02
2018,Angola,0.53,0.25
2018,Antigua and Barbuda,3.07,0.03
2018,Argentina,0.09,0.05
2018,Armenia,0.58,0.01
2018,Aruba,1.30,0.02
2018,Australia,0.16,0.70
2018,Austria,0.72,0.81
2018,Azerbaijan,0.80,0.80
2018,Bangladesh,1.73,0.01
2018,Barbados,2.21,1.00
2018,Belarus,0.27,3.33
2018,Belgium,0.02,0.07
2018,Belize,1.19,4.33
2018,Bermuda,0.00,0.02
2018,Bolivia,0.44,0.21
2018,Bosnia Herzegovina,1.07,0.33
2018,Botswana,0.44,1.00
2018,Brazil,0.16,0.23
2018,Bulgaria,0.33,4.13
2018,Burkina Faso,2.41,0.03
2018,Burundi,6.67,0.10
2018,Cabo Verde,0.52,0.03
2018,Cambodia,3.28,0.15
2018,Cameroon,0.77,0.02
2018,Canada,0.23,0.95
2018,Cayman Islands (the),0.00,0.02
2018,Chad,3.34,0.03
2018,Chile,0.14,0.16
2018,China,0.69,1.66
2018,Colombia,0.24,0.01
2018,Congo (the),0.49,8.08
2018,Congo (the Democratic Republic of the),1.25,1.00
2018,Costa Rica,0.26,0.38
2018,Cote d'Ivoire,0.97,1.00
2018,Croatia,0.76,1.75
2018,Cuba,0.30,0.01
2018,Cyprus,0.50,0.01
2018,Czechia,0.36,0.24
2018,Denmark,0.14,0.01
2018,Dominica,0.42,0.22
2018,Dominican Republic (the),0.23,0.09
2018,Ecuador,0.57,0.03
2018,Egypt,1.34,0.03
2018,El Salvador,0.39,0.23
2018,Equatorial Guinea,0.39,44.00
2018,Eritrea,1.50,0.15
2018,Estonia,0.45,0.17
2018,Eswatini,3.20,10.00
2018,Faroe Islands (the),1.38,0.33
2018,Fiji,0.78,0.02
2018,Finland,0.17,0.02
2018,France,0.24,0.07
2018,French Polynesia,0.62,0.08
2018,Gabon,0.12,0.03
2018,Georgia,0.71,8.00
2018,Germany,0.29,0.01
2018,Ghana,0.78,0.01
2018,Greece,0.26,0.06
2018,Greenland,0.15,4.20
2018,Guam,0.06,0.04
2018,Guatemala,0.96,0.34
2018,Guinea,1.77,0.03
2018,Guyana,2.76,0.01
2018,Haiti,0.81,0.22
2018,Honduras,0.75,0.08
2018,Hong Kong,0.00,0.03
2018,Hungary,0.40,0.02
2018,India,1.94,4.25
2018,Indonesia,0.81,0.01
2018,Iran (Islamic Republic of),0.34,0.03
2018,Iraq,0.42,0.04
2018,Ireland,0.58,0.01
2018,Israel,0.08,0.26
2018,Italy,0.42,0.42
2018,Jamaica,0.80,0.11
2018,Japan,0.09,0.15
2018,Jordan,0.10,0.02
2018,Kazakhstan,0.74,0.14
2018,Kenya,2.70,0.06
2018,Korea (the Democratic People's Republic of),0.62,0.08
2018,Kyrgyzstan,1.75,177.13
2018,Lao People's Democratic Republic (the),1.86,1.86
2018,Latvia,0.47,12.00
2018,Lebanon,0.13,0.02
2018,Liberia,0.95,0.46
2018,Lithuania,0.48,0.27
2018,Luxembourg,0.10,1.13
2018,Macao,0.00,0.86
2018,Madagascar,1.69,0.07
2018,Malawi,4.90,0.03
2018,Malaysia,0.32,0.68
2018,Maldives,1.51,0.04
2018,Mali,1.36,0.01
2018,Malta,0.06,0.50
2018,Mauritania,0.86,0.10
2018,Mauritius,1.45,0.01
2018,Mexico,0.25,0.24
2018,Moldova,1.35,2.00
2018,Mongolia,0.46,0.20
2018,Montenegro,0.50,0.09
2018,Morocco,0.60,0.03
2018,Mozambique,1.78,0.48
2018,Myanmar,2.27,0.88
2018,Namibia,1.00,1.00
2018,Netherlands,0.09,0.02
2018,New Caledonia,0.41,0.03
2018,New Zealand,0.16,0.16
2018,Nicaragua,0.71,0.01
2018,Nigeria,0.99,0.27
2018,Niger (the),5.09,0.25
2018,North Macedonia,0.73,0.40
2018,Norway,0.22,5.00
2018,Oman,0.18,0.04
2018,Pakistan,1.73,0.10
2018,"Palestine, State of",0.31,0.17
2018,Panama,0.48,0.06
2018,Papua New Guinea,6.59,0.02
2018,Peru,0.28,3.23
2018,Philippines (the),1.13,0.34
2018,Poland,0.67,0.06
2018,Portugal,0.53,0.17
2018,Puerto Rico,0.07,0.02
2018,Romania,0.85,1.33
2018,Russian Federation (the),0.34,0.02
2018,Rwanda,4.81,1.00
2018,Saint Kitts and Nevis,2.25,0.05
2018,Saint Lucia,4.35,0.03
2018,Saint Vincent and the Grenadines,0.92,0.15
2018,Samoa,4.48,0.22
2018,Senegal,1.12,2.25
2018,Serbia,0.78,0.07
2018,Seychelles,0.76,0.02
2018,Sierra Leone,1.38,0.11
2018,Singapore,0.00,0.44
2018,Slovakia,0.86,0.01
2018,Slovenia,0.83,0.50
2018,Somalia,1.22,0.03
2018,South Africa,0.51,0.35
2018,South Korea,0.23,0.23
2018,South Sudan,4.10,0.02
2018,Spain,0.25,0.36
2018,Sri Lanka,4.41,0.02
2018,Sudan (the),1.89,0.02
2018,Suriname,0.51,0.50
2018,Sweden,0.14,1.21
2018,Switzerland,0.36,0.19
2018,Syrian Arab Republic (the),0.85,0.07
2018,Tajikistan,2.69,13.62
2018,"Tanzania, the United Republic of",1.96,0.25
2018,Thailand,1.00,9.11
2018,Togo,1.40,0.06
2018,Tonga,3.32,0.17
2018,Trinidad and Tobago,0.88,0.33
2018,Tunisia,0.45,0.06
2018,Turkey,0.33,1.74
2018,Uganda,3.21,0.23
2018,Ukraine,0.44,0.11
2018,United Arab Emirates,0.16,0.01
2018,United Kingdom,0.20,0.53
2018,United States of America,0.22,0.44
2018,Uruguay,0.05,41.00
2018,Uzbekistan,0.98,0.02
2018,Vanuatu,2.96,0.17
2018,Venezuela (Bolivarian Republic of),0.13,3.51
2018,Viet Nam,1.78,0.03
2018,Virgin Islands (U.S.),0.04,0.02
2018,Yemen,1.73,1.50
2018,Zambia,1.30,0.15
2018,Zimbabwe,2.10,0.20
2019,Afghanistan,2.88,0.75
2019,Algeria,0.37,0.03
2019,Angola,0.51,0.01
2019,Antigua and Barbuda,3.08,0.03
2019,Argentina,0.09,0.68
2019,Armenia,0.58,0.03
2019,Aruba,1.30,0.04
2019,Australia,0.16,0.68
2019,Austria,0.71,1.13
2019,Azerbaijan,0.78,0.80
2019,Bangladesh,1.67,0.01
2019,Barbados,2.21,1.33
2019,Belarus,0.27,6.00
2019,Belgium,0.02,0.07
2019,Belize,1.18,0.14
2019,Benin,1.09,0.05
2019,Bermuda,0.00,0.02
2019,Bolivia,0.43,0.24
2019,Bosnia Herzegovina,1.06,0.50
2019,Brazil,0.15,0.47
2019,Bulgaria,0.33,4.13
2019,Burkina Faso,2.34,0.04
2019,Burundi,6.48,0.08
2019,Cabo Verde,0.51,0.03
2019,Cambodia,3.20,0.15
2019,Cameroon,0.76,0.02
2019,Canada,0.23,1.19
2019,Cayman Islands (the),0.00,0.03
2019,Chad,3.30,0.03
2019,Chile,0.14,0.17
2019,China,0.66,2.15
2019,Colombia,0.23,0.02
2019,Congo (the),0.48,5.83
2019,Congo (the Democratic Republic of the),1.22,1.00
2019,Costa Rica,0.25,0.70
2019,Cote d'Ivoire,0.95,1.00
2019,Croatia,0.75,2.67
2019,Cuba,0.30,0.01
2019,Cyprus,0.50,0.01
2019,Czechia,0.35,0.31
2019,Denmark,0.14,0.02
2019,Dominica,0.41,0.17
2019,Dominican Republic (the),0.22,0.06
2019,Ecuador,0.56,0.03
2019,Egypt,1.34,0.18
2019,El Salvador,0.37,0.28
2019,Equatorial Guinea,0.38,45.00
2019,Eritrea,1.46,0.14
2019,Estonia,0.45,0.50
2019,Eswatini,3.17,5.50
2019,Ethiopia,3.71,2.00
2019,Faroe Islands (the),1.37,0.22
2019,Fiji,0.76,0.02
2019,Finland,0.17,0.04
2019,France,0.24,0.17
2019,French Polynesia,0.62,0.08
2019,Gabon,0.11,0.02
2019,Georgia,0.69,0.03
2019,Germany,0.29,0.01
2019,Ghana,0.76,0.01
2019,Greece,0.26,0.08
2019,Greenland,0.15,5.13
2019,Guam,0.05,0.05
2019,Guatemala,0.94,0.43
2019,Guinea,1.74,0.03
2019,Guyana,2.75,0.01
2019,Haiti,0.78,0.19
2019,Honduras,0.73,6.00
2019,Hong Kong,0.00,0.11
2019,Hungary,0.40,0.04
2019,India,1.90,10.26
2019,Indonesia,0.79,0.01
2019,Iran (Islamic Republic of),0.33,0.01
2019,Iraq,0.41,0.11
2019,Ireland,0.58,0.06
2019,Israel,0.08,0.10
2019,Italy,0.41,0.45
2019,Jamaica,0.79,0.06
2019,Japan,0.09,0.20
2019,Jordan,0.10,0.02
2019,Kazakhstan,0.74,0.45
2019,Kenya,2.64,0.07
2019,Kiribati,0.82,0.33
2019,Korea (the Democratic People's Republic of),0.61,0.09
2019,Kyrgyzstan,1.73,342.75
2019,Lao People's Democratic Republic (the),1.81,1.73
2019,Latvia,0.47,0.05
2019,Lebanon,0.13,0.01
2019,Liberia,0.94,0.45
2019,Lithuania,0.47,0.26
2019,Luxembourg,0.10,1.38
2019,Macao,0.00,1.29
2019,Madagascar,1.64,0.04
2019,Malawi,4.82,0.14
2019,Malaysia,0.31,1.13
2019,Maldives,1.49,0.04
2019,Mali,1.32,0.01
2019,Malta,0.06,0.33
2019,Mauritania,0.83,0.11
2019,Mauritius,1.45,0.01
2019,Mexico,0.24,0.64
2019,Moldova,1.34,0.01
2019,Mongolia,0.46,0.24
2019,Montenegro,0.49,0.20
2019,Morocco,0.59,0.05
2019,Mozambique,1.74,0.21
2019,Myanmar,2.24,0.82
2019,Namibia,0.96,2.00
2019,Netherlands,0.09,0.02
2019,New Caledonia,0.41,0.04
2019,New Zealand,0.15,0.19
2019,Nicaragua,0.70,0.02
2019,Nigeria,0.95,0.30
2019,Niger (the),5.05,0.40
2019,North Macedonia,0.72,0.33
2019,Norway,0.21,0.25
2019,Oman,0.17,0.01
2019,Pakistan,1.71,0.10
2019,"Palestine, State of",0.31,0.17
2019,Panama,0.47,0.03
2019,Papua New Guinea,6.55,0.03
2019,Peru,0.28,3.44
2019,Philippines (the),1.12,0.27
2019,Poland,0.67,0.15
2019,Portugal,0.52,0.16
2019,Puerto Rico,0.07,0.01
2019,Romania,0.85,1.72
2019,Russian Federation (the),0.34,0.02
2019,Rwanda,4.78,1.50
2019,Saint Kitts and Nevis,2.25,0.05
2019,Saint Lucia,4.33,0.02
2019,Saint Vincent and the Grenadines,0.90,0.15
2019,Samoa,4.54,0.20
2019,Sao Tome and Principe,0.36,0.10
2019,Senegal,1.10,0.33
2019,Serbia,0.78,0.10
2019,Seychelles,0.75,0.08
2019,Sierra Leone,1.35,1.00
2019,Singapore,0.00,0.86
2019,Slovakia,0.86,0.01
2019,Slovenia,0.82,1.00
2019,Somalia,1.20,0.03
2019,South Africa,0.50,0.32
2019,South Korea,0.23,0.33
2019,South Sudan,4.03,0.02
2019,Spain,0.24,0.43
2019,Sri Lanka,4.38,0.02
2019,Sudan (the),1.86,0.02
2019,Suriname,0.51,0.50
2019,Sweden,0.14,3.24
2019,Switzerland,0.35,0.25
2019,Syrian Arab Republic (the),0.82,0.07
2019,Tajikistan,2.66,61.84
2019,"Tanzania, the United Republic of",1.90,0.38
2019,Thailand,0.97,3.28
2019,Togo,1.37,0.50
2019,Tonga,3.33,0.17
2019,Trinidad and Tobago,0.88,0.25
2019,Tunisia,0.44,0.22
2019,Turkey,0.32,3.51
2019,Uganda,3.10,0.93
2019,Ukraine,0.44,0.23
2019,United Arab Emirates,0.15,0.03
2019,United Kingdom,0.20,0.86
2019,United States of America,0.21,0.48
2019,Uruguay,0.05,3.50
2019,Uzbekistan,0.98,0.01
2019,Vanuatu,2.94,0.17
2019,Venezuela (Bolivarian Republic of),0.13,3.51
2019,Viet Nam,1.73,0.16
2019,Virgin Islands (U.S.),0.04,0.02
2019,Yemen,1.68,1.50
2019,Zambia,1.27,0.12
2019,Zimbabwe,2.10,0.40
2020,Afghanistan,2.84,3.50
2020,Algeria,0.36,0.03
2020,Angola,0.50,0.01
2020,Antigua and Barbuda,3.09,0.06
2020,Argentina,0.09,0.82
2020,Armenia,0.58,0.05
2020,Aruba,1.29,0.04
2020,Australia,0.16,0.70
2020,Austria,0.70,3.64
2020,Azerbaijan,0.77,1.00
2020,Bangladesh,1.62,0.15
2020,Barbados,2.21,3.50
2020,Belarus,0.26,6.00
2020,Belgium,0.02,0.07
2020,Belize,1.17,0.20
2020,Benin,1.07,0.04
2020,Bermuda,0.00,0.02
2020,Bolivia,0.43,0.21
2020,Bosnia Herzegovina,1.04,0.25
2020,Botswana,0.41,0.20
2020,Brazil,0.15,0.77
2020,Bulgaria,0.32,6.13
2020,Burkina Faso,2.27,0.07
2020,Burundi,6.30,0.11
2020,Cabo Verde,0.50,0.03
2020,Cambodia,3.13,0.18
2020,Cameroon,0.74,0.02
2020,Canada,0.23,0.93
2020,Cayman Islands (the),0.00,0.03
2020,Chad,3.25,0.03
2020,Chile,0.14,0.14
2020,China,0.63,2.54
2020,Colombia,0.23,0.07
2020,Congo (the),0.47,5.53
2020,Congo (the Democratic Republic of the),1.19,2.00
2020,Costa Rica,0.24,3.50
2020,Cote d'Ivoire,0.93,1.00
2020,Croatia,0.74,4.50
2020,Cuba,0.30,0.01
2020,Cyprus,0.50,0.01
2020,Czechia,0.35,0.38
2020,Denmark,0.13,0.02
2020,Dominica,0.41,0.17
2020,Dominican Republic (the),0.21,0.05
2020,Ecuador,0.56,0.03
2020,Egypt,1.34,0.93
2020,El Salvador,0.36,0.01
2020,Equatorial Guinea,0.37,49.00
2020,Eritrea,1.42,0.14
2020,Estonia,0.44,1.00
2020,Eswatini,3.14,11.50
2020,Ethiopia,3.61,3.00
2020,Faroe Islands (the),1.36,0.20
2020,Fiji,0.75,0.03
2020,Finland,0.17,0.09
2020,France,0.23,0.20
2020,French Polynesia,0.61,0.09
2020,Gabon,0.11,0.03
2020,Georgia,0.68,0.03
2020,Germany,0.29,0.01
2020,Ghana,0.74,0.03
2020,Greece,0.25,0.11
2020,Greenland,0.15,4.78
2020,Guam,0.05,0.05
2020,Guatemala,0.93,22.00
2020,Guinea,1.71,0.02
2020,Guyana,2.73,0.01
2020,Haiti,0.75,0.16
2020,Honduras,0.71,6.20
2020,Hong Kong,0.00,0.31
2020,Hungary,0.39,0.04
2020,India,1.86,10.63
2020,Indonesia,0.77,0.03
2020,Iran (Islamic Republic of),0.32,0.03
2020,Iraq,0.41,0.01
2020,Ireland,0.57,0.09
2020,Israel,0.08,0.04
2020,Italy,0.41,0.47
2020,Jamaica,0.78,0.04
2020,Japan,0.09,0.33
2020,Jordan,0.09,0.02
2020,Kazakhstan,0.73,0.01
2020,Kenya,2.57,0.12
2020,Kiribati,0.80,0.33
2020,Korea (the Democratic People's Republic of),0.60,0.12
2020,Kyrgyzstan,1.71,279.60
2020,Lao People's Democratic Republic (the),1.76,0.01
2020,Latvia,0.46,0.09
2020,Lebanon,0.12,0.01
2020,Liberia,0.92,0.41
2020,Lithuania,0.47,0.30
2020,Luxembourg,0.09,1.29
2020,Macao,0.00,1.19
2020,Madagascar,1.60,0.10
2020,Malawi,4.74,1.00
2020,Malaysia,0.30,1.45
2020,Maldives,1.46,0.05
2020,Mali,1.28,0.03
2020,Malta,0.06,0.17
2020,Mauritania,0.81,0.10
2020,Mauritius,1.45,0.02
2020,Mexico,0.24,0.63
2020,Moldova,1.33,0.01
2020,Mongolia,0.46,0.23
2020,Montenegro,0.48,0.20
2020,Morocco,0.57,0.06
2020,Mozambique,1.70,0.50
2020,Myanmar,2.21,0.42
2020,Namibia,0.92,2.00
2020,Netherlands,0.08,0.01
2020,New Caledonia,0.40,0.04
2020,New Zealand,0.15,0.25
2020,Nicaragua,0.69,0.03
2020,Nigeria,0.92,0.25
2020,Niger (the),5.01,0.40
2020,North Macedonia,0.71,0.22
2020,Norway,0.21,2.00
2020,Oman,0.16,0.07
2020,Pakistan,1.69,0.18
2020,"Palestine, State of",0.30,0.27
2020,Panama,0.46,0.05
2020,Papua New Guinea,6.49,0.01
2020,Peru,0.28,3.86
2020,Philippines (the),1.11,0.42
2020,Poland,0.67,0.46
2020,Portugal,0.51,0.17
2020,Puerto Rico,0.07,0.02
2020,Romania,0.85,1.77
2020,Russian Federation (the),0.34,0.07
2020,Rwanda,4.74,1.00
2020,Saint Kitts and Nevis,2.24,0.05
2020,Saint Lucia,4.31,0.03
2020,Saint Vincent and the Grenadines,0.89,0.15
2020,Samoa,4.59,0.18
2020,Sao Tome and Principe,0.34,0.10
2020,Senegal,1.08,2.20
2020,Serbia,0.77,0.20
2020,Seychelles,0.74,0.02
2020,Sierra Leone,1.33,1.00
2020,Singapore,0.00,1.43
2020,Slovakia,0.86,0.84
2020,Slovenia,0.81,0.50
2020,Somalia,1.17,0.03
2020,South Africa,0.48,0.28
2020,South Korea,0.23,0.44
2020,South Sudan,3.95,0.02
2020,Spain,0.24,0.01
2020,Sri Lanka,4.34,0.02
2020,Sudan (the),1.84,0.02
2020,Suriname,0.51,0.50
2020,Sweden,0.14,10.50
2020,Switzerland,0.35,0.23
2020,Syrian Arab Republic (the),0.80,0.08
2020,Tajikistan,2.64,54.88
2020,"Tanzania, the United Republic of",1.84,0.38
2020,Thailand,0.94,4.47
2020,Togo,1.34,0.17
2020,Tonga,3.33,0.17
2020,Trinidad and Tobago,0.88,0.25
2020,Tunisia,0.44,0.21
2020,Turkey,0.31,12.76
2020,Uganda,3.01,1.17
2020,Ukraine,0.44,3.04
2020,United Arab Emirates,0.15,7.10
2020,United Kingdom,0.19,1.25
2020,United States of America,0.21,0.53
2020,Uruguay,0.05,0.57
2020,Uzbekistan,0.98,0.02
2020,Vanuatu,2.92,0.17
2020,Venezuela (Bolivarian Republic of),0.13,9.91
2020,Viet Nam,1.68,0.18
2020,Virgin Islands (U.S.),0.04,0.02
2020,Yemen,1.64,1.20
2020,Zambia,1.24,0.25
2020,Zimbabwe,2.10,0.50
2021,Afghanistan,2.80,2.67
2021,Algeria,0.35,0.03
2021,Angola,0.48,0.01
2021,Antigua and Barbuda,3.10,0.06
2021,Argentina,0.08,0.92
2021,Armenia,0.58,0.16
2021,Aruba,1.28,0.04
2021,Australia,0.16,0.65
2021,Austria,0.70,0.84
2021,Azerbaijan,0.76,0.08
2021,Bangladesh,1.57,0.12
2021,Barbados,2.20,4.00
2021,Belarus,0.25,5.67
2021,Belgium,0.02,0.11
2021,Belize,1.16,0.20
2021,Benin,1.04,0.09
2021,Bermuda,0.00,0.02
2021,Bolivia,0.42,0.54
2021,Bosnia Herzegovina,1.02,1.33
2021,Botswana,0.40,0.11
2021,Brazil,0.15,1.14
2021,Bulgaria,0.32,5.11
2021,Burkina Faso,2.20,0.06
2021,Burundi,6.11,0.08
2021,Cabo Verde,0.49,0.03
2021,Cambodia,3.05,0.10
2021,Cameroon,0.72,0.02
2021,Canada,0.22,1.45
2021,Cayman Islands (the),0.00,0.03
2021,Chad,3.21,0.02
2021,Chile,0.14,0.10
2021,China,0.60,2.91
2021,Colombia,0.22,0.02
2021,Congo (the),0.46,5.25
2021,Cote d'Ivoire,0.92,1.00
2021,Croatia,0.73,4.50
2021,Cuba,0.29,0.01
2021,Cyprus,0.50,0.01
2021,Czechia,0.35,0.75
2021,Denmark,0.13,0.02
2021,Djibouti,0.28,0.54
2021,Dominica,0.40,0.17
2021,Dominican Republic (the),0.20,0.06
2021,Ecuador,0.55,0.04
2021,Egypt,1.33,0.52
2021,El Salvador,0.35,0.13
2021,Equatorial Guinea,0.36,47.00
2021,Eritrea,1.38,0.14
2021,Estonia,0.44,0.50
2021,Eswatini,3.10,1.50
2021,Faroe Islands (the),1.35,0.04
2021,Fiji,0.73,0.03
2021,Finland,0.17,0.11
2021,France,0.23,0.11
2021,French Polynesia,0.61,0.11
2021,Gabon,0.11,0.02
2021,Georgia,0.67,0.03
2021,Germany,0.29,0.01
2021,Ghana,0.72,0.03
2021,Greece,0.25,0.12
2021,Greenland,0.14,5.38
2021,Guam,0.05,0.05
2021,Guatemala,0.91,23.00
2021,Guinea,1.68,0.02
2021,Guyana,2.72,0.01
2021,Haiti,0.73,0.14
2021,Honduras,0.70,5.83
2021,Hong Kong,0.00,0.60
2021,Hungary,0.38,0.02
2021,India,1.83,10.47
2021,Indonesia,0.75,0.03
2021,Iran (Islamic Republic of),0.31,0.02
2021,Iraq,0.41,0.01
2021,Ireland,0.56,0.04
2021,Israel,0.08,0.05
2021,Italy,0.40,0.53
2021,Jamaica,0.77,0.04
2021,Japan,0.09,0.31
2021,Jordan,0.09,0.02
2021,Kazakhstan,0.73,0.43
2021,Kenya,2.51,0.13
2021,Kiribati,0.78,0.33
2021,Korea (the Democratic People's Republic of),0.60,0.25
2021,Kyrgyzstan,1.69,324.00
2021,Lao People's Democratic Republic (the),1.71,0.01
2021,Latvia,0.46,0.07
2021,Lebanon,0.12,0.03
2021,Liberia,0.90,0.52
2021,Lithuania,0.47,0.41
2021,Luxembourg,0.09,1.57
2021,Macao,0.00,5.25
2021,Madagascar,1.55,0.06
2021,Malawi,4.65,0.13
2021,Malaysia,0.29,1.08
2021,Maldives,1.43,0.06
2021,Mali,1.24,0.03
2021,Malta,0.05,0.25
2021,Mauritania,0.78,0.09
2021,Mauritius,1.45,0.01
2021,Mexico,0.23,0.51
2021,Moldova,1.33,0.25
2021,Mongolia,0.45,0.24
2021,Montenegro,0.47,0.22
2021,Morocco,0.56,0.03
2021,Mozambique,1.66,0.41
2021,Myanmar,2.18,0.75
2021,Namibia,0.89,0.50
2021,Netherlands,0.08,0.02
2021,New Caledonia,0.39,0.04
2021,New Zealand,0.15,0.30
2021,Nicaragua,0.69,0.02
2021,Nigeria,0.90,0.26
2021,Niger (the),4.97,0.40
2021,North Macedonia,0.70,0.36
2021,Norway,0.20,2.75
2021,Oman,0.15,0.08
2021,Pakistan,1.67,0.12
2021,"Palestine, State of",0.30,0.32
2021,Panama,0.45,0.06
2021,Papua New Guinea,6.43,0.01
2021,Peru,0.27,4.14
2021,Philippines (the),1.10,0.78
2021,Poland,0.66,0.48
2021,Portugal,0.50,0.23
2021,Puerto Rico,0.07,0.02
2021,Romania,0.84,1.91
2021,Russian Federation (the),0.33,0.06
2021,Rwanda,4.69,1.00
2021,Saint Kitts and Nevis,2.24,0.05
2021,Saint Lucia,4.28,0.03
2021,Saint Vincent and the Grenadines,0.87,0.17
2021,Samoa,4.64,0.11
2021,Sao Tome and Principe,0.33,0.10
2021,Saudi Arabia,0.18,0.01
2021,Senegal,1.06,5.00
2021,Serbia,0.77,0.14
2021,Seychelles,0.72,0.02
2021,Sierra Leone,1.31,1.00
2021,Singapore,0.00,0.71
2021,Slovakia,0.86,0.59
2021,Slovenia,0.80,0.14
2021,Somalia,1.14,0.03
2021,South Africa,0.47,0.13
2021,South Korea,0.23,0.34
2021,South Sudan,3.87,0.04
2021,Spain,0.23,1.43
2021,Sri Lanka,4.30,0.01
2021,Sudan (the),1.81,0.02
2021,Suriname,0.51,0.50
2021,Sweden,0.13,5.28
2021,Switzerland,0.35,0.28
2021,Syrian Arab Republic (the),0.78,0.01
2021,Tajikistan,2.61,60.19
2021,"Tanzania, the United Republic of",1.78,0.30
2021,Thailand,0.92,4.90
2021,Togo,1.31,1.00
2021,Tonga,3.33,0.17
2021,Trinidad and Tobago,0.88,0.25
2021,Tunisia,0.43,0.12
2021,Turkey,0.31,17.57
2021,Uganda,2.91,1.00
2021,Ukraine,0.43,1.21
2021,United Arab Emirates,0.15,2.08
2021,United Kingdom,0.19,0.83
2021,United States of America,0.21,0.52
2021,Uruguay,0.05,48.00
2021,Uzbekistan,0.98,0.04
2021,Vanuatu,2.90,0.17
2021,Venezuela (Bolivarian Republic of),0.13,12.07
2021,Viet Nam,1.63,0.41
2021,Virgin Islands (U.S.),0.04,0.03
2021,Yemen,1.59,0.79
2021,Zambia,1.21,0.67
2021,Zimbabwe,2.10,0.01
2022,Afghanistan,2.76,3.00
2022,Algeria,0.34,0.03
2022,American Samoa,0.15,0.06
2022,Angola,0.47,0.03
2022,Antigua and Barbuda,3.11,0.06
2022,Argentina,0.08,1.00
2022,Armenia,0.57,0.20
2022,Aruba,1.27,0.04
2022,Australia,0.16,0.59
2022,Austria,0.69,1.17
2022,Azerbaijan,0.75,0.67
2022,Bahamas (the),0.20,0.01
2022,Bangladesh,1.52,0.13
2022,Barbados,2.19,2.67
2022,Belarus,0.24,6.00
2022,Belgium,0.02,0.07
2022,Belize,1.16,0.17
2022,Benin,1.02,0.08
2022,Bermuda,0.00,0.02
2022,Bolivia,0.41,1.52
2022,Bosnia Herzegovina,1.01,3.00
2022,Botswana,0.38,0.10
2022,Brazil,0.14,2.43
2022,Bulgaria,0.31,4.29
2022,Burkina Faso,2.14,0.06
2022,Burundi,5.94,0.08
2022,Cabo Verde,0.48,0.19
2022,Cambodia,2.98,0.03
2022,Cameroon,0.70,0.02
2022,Canada,0.22,1.30
2022,Cayman Islands (the),0.00,0.03
2022,Chad,3.16,0.03
2022,Chile,0.14,0.15
2022,China,0.57,2.53
2022,Colombia,0.22,0.03
2022,Congo (the),0.45,3.89
2022,Cote d'Ivoire,0.90,1.00
2022,Croatia,0.72,0.88
2022,Cuba,0.29,0.03
2022,Cyprus,0.49,0.01
2022,Czechia,0.34,0.88
2022,Denmark,0.13,0.01
2022,Djibouti,0.28,0.54
2022,Dominica,0.39,0.15
2022,Dominican Republic (the),0.19,0.04
2022,Ecuador,0.55,0.04
2022,Egypt,1.33,0.33
2022,El Salvador,0.34,0.23
2022,Equatorial Guinea,0.35,48.00
2022,Eritrea,1.35,0.13
2022,Estonia,0.44,0.33
2022,Eswatini,3.07,1.50
2022,Faroe Islands (the),1.34,0.35
2022,Fiji,0.72,0.02
2022,Finland,0.17,0.41
2022,France,0.23,0.14
2022,French Polynesia,0.61,0.11
2022,Gabon,0.10,0.02
2022,Georgia,0.66,0.03
2022,Germany,0.29,0.01
2022,Ghana,0.71,0.03
2022,Greece,0.24,0.13
2022,Greenland,0.14,6.71
2022,Guam,0.05,0.08
2022,Guatemala,0.90,23.00
2022,Guinea,1.65,0.03
2022,Guyana,2.70,1.00
2022,Haiti,0.70,0.23
2022,Honduras,0.68,4.86
2022,Hong Kong,0.00,0.75
2022,Hungary,0.38,0.40
2022,India,1.79,10.48
2022,Indonesia,0.73,0.06
2022,Iran (Islamic Republic of),0.30,0.03
2022,Iraq,0.40,0.01
2022,Ireland,0.56,0.09
2022,Israel,0.08,0.04
2022,Italy,0.40,0.37
2022,Jamaica,0.75,0.04
2022,Japan,0.09,0.21
2022,Jordan,0.09,0.02
2022,Kazakhstan,0.72,0.73
2022,Kenya,2.45,0.16
2022,Kiribati,0.75,0.33
2022,Korea (the Democratic People's Republic of),0.59,0.26
2022,Kuwait,0.00,0.04
2022,Kyrgyzstan,1.67,297.50
2022,Lao People's Democratic Republic (the),1.66,0.01
2022,Latvia,0.46,0.07
2022,Lebanon,0.12,0.01
2022,Liberia,0.88,0.50
2022,Lithuania,0.46,0.67
2022,Luxembourg,0.09,0.86
2022,Macao,0.00,5.00
2022,Madagascar,1.51,0.06
2022,Malawi,4.56,0.13
2022,Malaysia,0.28,0.75
2022,Maldives,1.41,0.08
2022,Mali,1.20,0.03
2022,Malta,0.05,0.17
2022,Mauritania,0.76,0.08
2022,Mauritius,1.45,0.02
2022,Mexico,0.23,0.62
2022,Moldova,1.32,0.16
2022,Mongolia,0.45,0.18
2022,Montenegro,0.47,0.21
2022,Morocco,0.55,0.06
2022,Mozambique,1.62,0.54
2022,Myanmar,2.15,1.45
2022,Namibia,0.85,1.00
2022,Netherlands,0.08,0.01
2022,New Caledonia,0.38,0.04
2022,New Zealand,0.15,0.45
2022,Nicaragua,0.68,0.02
2022,Nigeria,0.87,0.32
2022,Niger (the),4.92,0.40
2022,North Macedonia,0.69,0.09
2022,Norway,0.20,4.25
2022,Oman,0.14,0.10
2022,Pakistan,1.65,0.09
2022,"Palestine, State of",0.29,0.50
2022,Panama,0.45,0.12
2022,Papua New Guinea,6.36,0.01
2022,Peru,0.27,3.47
2022,Philippines (the),1.08,0.41
2022,Poland,0.66,0.41
2022,Portugal,0.48,0.14
2022,Puerto Rico,0.07,0.02
2022,Romania,0.84,1.97
2022,Russian Federation (the),0.33,0.07
2022,Rwanda,4.64,0.80
2022,Saint Kitts and Nevis,2.23,0.05
2022,Saint Lucia,4.25,0.03
2022,Saint Vincent and the Grenadines,0.86,0.15
2022,Samoa,4.68,0.11
2022,Sao Tome and Principe,0.32,0.13
2022,Saudi Arabia,0.18,0.01
2022,Senegal,1.04,5.50
2022,Serbia,0.76,0.25
2022,Seychelles,0.71,0.02
2022,Sierra Leone,1.28,1.00
2022,Singapore,0.00,1.18
2022,Slovakia,0.85,0.60
2022,Slovenia,0.79,0.17
2022,Solomon Islands,2.91,0.10
2022,Somalia,1.11,0.03
2022,South Africa,0.46,0.11
2022,South Korea,0.23,0.40
2022,South Sudan,3.80,0.08
2022,Spain,0.23,0.87
2022,Sri Lanka,4.26,0.06
2022,Sudan (the),1.78,0.02
2022,Suriname,0.51,0.50
2022,Sweden,0.13,13.20
2022,Switzerland,0.35,0.39
2022,Syrian Arab Republic (the),0.76,0.01
2022,Tajikistan,2.58,68.69
2022,"Tanzania, the United Republic of",1.73,1.50
2022,Thailand,0.89,1.73
2022,Togo,1.28,1.14
2022,Tonga,3.32,0.14
2022,Trinidad and Tobago,0.87,0.25
2022,Tunisia,0.42,0.04
2022,Turkey,0.30,10.44
2022,Uganda,2.82,1.00
2022,Ukraine,0.43,1.47
2022,United Arab Emirates,0.14,0.39
2022,United Kingdom,0.18,1.01
2022,United States of America,0.20,0.47
2022,Uruguay,0.05,0.36
2022,Uzbekistan,0.98,0.30
2022,Vanuatu,2.87,0.17
2022,Venezuela (Bolivarian Republic of),0.13,11.30
2022,Viet Nam,1.58,0.53
2022,Virgin Islands (U.S.),0.04,0.03
2022,Yemen,1.55,0.94
2022,Zambia,1.19,0.04
2022,Zimbabwe,2.09,0.01
2023,Afghanistan,2.71,3.00
2023,Algeria,0.33,0.05
2023,Angola,0.46,0.03
2023,Antigua and Barbuda,3.11,0.06
2023,Argentina,0.08,1.25
2023,Armenia,0.57,0.31
2023,Australia,0.15,0.56
2023,Austria,0.68,1.37
2023,Azerbaijan,0.74,0.64
2023,Bangladesh,1.47,0.06
2023,Barbados,2.18,3.00
2023,Belarus,0.24,6.33
2023,Belgium,0.02,0.12
2023,Belize,1.15,0.20
2023,Benin,1.00,0.13
2023,Bermuda,0.00,0.02
2023,Bolivia,0.40,1.67
2023,Bosnia Herzegovina,0.99,3.00
2023,Botswana,0.37,0.10
2023,Brazil,0.14,4.24
2023,Bulgaria,0.30,8.05
2023,Burkina Faso,2.08,0.06
2023,Burundi,5.76,0.08
2023,Cambodia,2.91,0.20
2023,Cameroon,0.69,0.02
2023,Canada,0.22,1.52
2023,Cayman Islands (the),0.00,0.03
2023,Chile,0.14,0.17
2023,China,0.55,2.61
2023,Colombia,0.21,0.02
2023,Congo (the),0.45,0.03
2023,Costa Rica,0.21,6.00
2023,Cote d'Ivoire,0.88,1.00
2023,Croatia,0.71,1.00
2023,Cuba,0.29,0.03
2023,Cyprus,0.49,0.01
2023,Czechia,0.34,1.13
2023,Denmark,0.13,0.02
2023,Djibouti,0.27,0.54
2023,Dominica,0.39,0.15
2023,Dominican Republic (the),0.18,0.04
2023,Ecuador,0.54,0.04
2023,Egypt,1.32,0.32
2023,El Salvador,0.33,0.23
2023,Equatorial Guinea,0.34,49.00
2023,Eritrea,1.31,0.13
2023,Estonia,0.43,1.00
2023,Eswatini,3.03,1.50
2023,Fiji,0.70,0.02
2023,Finland,0.17,1.09
2023,France,0.22,0.29
2023,Gabon,0.10,0.02
2023,Georgia,0.65,0.03
2023,Germany,0.29,0.03
2023,Ghana,0.69,0.05
2023,Greece,0.24,0.16
2023,Guatemala,0.88,0.23
2023,Guinea,1.63,0.03
2023,Guyana,2.68,2.00
2023,Honduras,0.66,0.08
2023,Hong Kong,0.00,0.76
2023,Hungary,0.37,0.04
2023,India,1.75,8.92
2023,Indonesia,0.71,0.07
2023,Iran (Islamic Republic of),0.29,0.03
2023,Iraq,0.40,0.01
2023,Ireland,0.55,0.93
2023,Israel,0.08,0.32
2023,Italy,0.39,0.44
2023,Japan,0.09,0.28
2023,Kazakhstan,0.72,0.82
2023,Kenya,2.39,0.15
2023,Kuwait,0.00,0.04
2023,Kyrgyzstan,1.65,294.00
2023,Lao People's Democratic Republic (the),1.61,0.01
2023,Latvia,0.46,0.17
2023,Lebanon,0.12,0.01
2023,Liberia,0.87,0.50
2023,Lithuania,0.46,1.61
2023,Luxembourg,0.09,1.50
2023,Malaysia,0.27,1.03
2023,Maldives,1.38,0.08
2023,Mali,1.17,0.03
2023,Malta,0.05,0.50
2023,Mauritius,1.45,0.01
2023,Mexico,0.23,0.57
2023,Moldova,1.31,0.03
2023,Mongolia,0.45,0.17
2023,Montenegro,0.46,0.01
2023,Morocco,0.54,0.02
2023,Mozambique,1.58,0.54
2023,Myanmar,2.11,1.00
2023,Namibia,0.82,2.00
2023,Netherlands,0.07,0.02
2023,New Zealand,0.15,0.54
2023,Nicaragua,0.67,0.02
2023,Nigeria,0.84,0.29
2023,Niger (the),4.86,0.40
2023,North Macedonia,0.68,0.13
2023,Norway,0.19,8.33
2023,Oman,0.13,0.10
2023,Pakistan,1.63,0.08
2023,Panama,0.44,0.09
2023,Papua New Guinea,6.29,0.01
2023,Peru,0.27,7.25
2023,Philippines (the),1.07,0.55
2023,Poland,0.66,0.56
2023,Portugal,0.47,0.15
2023,Puerto Rico,0.07,0.02
2023,Romania,0.83,2.32
2023,Russian Federation (the),0.33,0.07
2023,Rwanda,4.59,0.80
2023,Saint Vincent and the Grenadines,0.84,0.15
2023,Samoa,4.71,0.11
2023,Saudi Arabia,0.18,0.01
2023,Senegal,1.02,5.50
2023,Serbia,0.75,0.71
2023,Seychelles,0.70,0.02
2023,Sierra Leone,1.26,2.00
2023,Singapore,0.00,1.65
2023,Slovakia,0.85,0.62
2023,Slovenia,0.78,1.00
2023,Solomon Islands,2.84,0.10
2023,Somalia,1.09,0.03
2023,South Africa,0.45,0.08
2023,South Korea,0.23,0.43
2023,South Sudan,3.72,0.07
2023,Spain,0.23,1.63
2023,Sri Lanka,4.21,0.01
2023,Sudan (the),1.75,0.02
2023,Suriname,0.51,0.50
2023,Sweden,0.13,19.44
2023,Switzerland,0.35,0.39
2023,Tajikistan,2.54,66.67
2023,"Tanzania, the United Republic of",1.67,0.50
2023,Thailand,0.87,4.06
2023,Togo,1.25,1.14
2023,Tonga,3.32,0.17
2023,Trinidad and Tobago,0.87,0.25
2023,Tunisia,0.42,0.05
2023,Turkey,0.29,8.73
2023,Ukraine,0.43,1.11
2023,United Arab Emirates,0.14,0.43
2023,United Kingdom,0.18,1.49
2023,United States of America,0.20,0.56
2023,Uruguay,0.04,0.48
2023,Uzbekistan,0.98,0.30
2023,Vanuatu,2.85,0.17
2023,Venezuela (Bolivarian Republic of),0.13,11.20
2023,Viet Nam,1.53,0.49
2023,Virgin Islands (U.S.),0.04,0.03
2023,Yemen,1.51,0.95
2023,Zambia,1.16,8.00
2023,Zimbabwe,2.08,0.01
